,Source,Compound,Negative,Neutral,Positive,Time,Tweet Text
0,@BBC,0.0,0.0,1.0,0.0,Mon Apr 02 13:10:30 +0000 2018,RT @corpodelledonne: La @BBC applicher√† il 50/50 uomini/donne per gli esperti che coinvolger√† nei suoi programmi. Lo chiedo da molto tempo‚Ä¶
1,@BBC,-0.3182,0.173,0.726,0.101,Mon Apr 02 13:10:16 +0000 2018,"RT @PhyllisMufson: ""Picked the wrong career?"" A significant career change can be overwhelming via @BBC https://t.co/Qdax2FZZf9"
2,@BBC,0.0,0.0,1.0,0.0,Mon Apr 02 13:10:15 +0000 2018,@censorsapproved That‚Äôs asking a bit much. This is the @bbc we‚Äôre talking about
3,@BBC,0.1477,0.119,0.74,0.141,Mon Apr 02 13:10:14 +0000 2018,RT @needsfixingnow: @RCorbettMEP Wow British media almost as bad as Chinese or Russian media @BBC Tony Hall Director General should be asha‚Ä¶
4,@BBC,0.0,0.0,1.0,0.0,Mon Apr 02 13:10:14 +0000 2018,@drkerem @Noor_and_Alaa @RedCrescentTR @UNReliefChief @POTUS @Pontifex_it @jeremycorbyn @WhiteHouse‚Ä¶ https://t.co/JUaUXpaPg1
5,@BBC,0.6705,0.0,0.82,0.18,Mon Apr 02 13:10:01 +0000 2018,"RT @BBC: ""I feel like I'm part of something"". ‚ù§Ô∏èÔ∏è üëÇüèº üç∫ Welcome to Deaf Pub, a place where members of the deaf community can meet and have a‚Ä¶"
6,@BBC,0.0,0.0,1.0,0.0,Mon Apr 02 13:09:52 +0000 2018,"RT @navika_saini: #BTSGlitchParty 
‡§∏‡§§‡§ó‡•Å‡§∞‡•Å ‡§™‡•Å‡§∞‡•Å‡§∑ ‡§ï‡§¨‡•Ä‡§∞ ‡§π‡•à ‡§ö‡§æ‡§∞‡•ã ‡§Ø‡•Å‡§ó ‡§™‡•ç‡§∞‡§Æ‡§æ‡§£
‡§ù‡•Ç‡§†‡•á ‡§ó‡•Å‡§∞‡•Å‡§Ü ‡§Æ‡§∞ ‡§ó‡§è ‡§π‡•ã ‡§ó‡§è ‡§≠‡•Ç‡§§ ‡§Æ‡§∏‡§æ‡§®‡•§ 
#Reality_Of_Vedas
#kabirisgod
Mus‚Ä¶"
7,@BBC,-0.2144,0.106,0.828,0.067,Mon Apr 02 13:09:51 +0000 2018,"RT @Animal_Watch: The illegal wildlife trade is worth ¬£18bn per year, but @wildliferescue are working to turn it around.

#BigCatsAboutTheH‚Ä¶"
8,@BBC,-0.4168,0.117,0.883,0.0,Mon Apr 02 13:09:48 +0000 2018,RT @JennySRP: History will not be kind to those in medicine sweeping ME/CFS under the psychosomatic rug. This is a real neuro-immune illnes‚Ä¶
9,@BBC,0.0,0.0,1.0,0.0,Mon Apr 02 13:09:43 +0000 2018,"RT @AWAKEALERT: Max Keiser quit @BBC because he got strict orders 
""NOT TO MENTION #ISRAEL IN ANY CONTEXT""
""This kind of censorship leads t‚Ä¶"
10,@BBC,0.0,0.0,1.0,0.0,Mon Apr 02 13:09:31 +0000 2018,"RT @Martadpp: üëÄüëÄüìΩüìΩ Esto es lo que realmente sucede. 

‚ñ∂Ô∏èLos que se saltaron las leyes fueron los pol√≠ticos independentistas

‚ñ∂Ô∏èDesde el Gob‚Ä¶"
11,@BBC,0.0,0.0,1.0,0.0,Mon Apr 02 13:09:13 +0000 2018,"RT @RCorbettMEP: Is the @BBC abdicating its responsibilities over #Brexit, 
asks Henry Porter:  
https://t.co/2mx73co2Fx"
12,@BBC,0.0,0.0,1.0,0.0,Mon Apr 02 13:09:04 +0000 2018,"RT @UmakantSingh94: #‡§Æ‡§æ‡§∏‡•ç‡§ü‡§∞‡§∏‡•ç‡§ü‡•ç‡§∞‡•ã‡§ï
#Reality_Of_Vedas
‡§∏‡§æ‡§Æ‡§µ‡•á‡§¶ ‡§Ö4‡§ñ‡§Ç‡§°25‡§∂‡•ç‡§≤‡•ã‡§ï8‡§™‡•Ç‡§∞‡•ç‡§£ ‡§∏‡§Æ‡§∞‡•ç‡§• ‡§™‡§∞‡§Æ‡§æ‡§§‡•ç‡§Æ‡§æ ‡§ï‡§¨‡•Ä‡§∞ ‡§¶‡•á‡§µ ‡§π‡•à‡§Ç&amp;‡§µ‡•á ‡§ï‡§æ‡§≤ ‡§ï‡•á ‡§¨‡§Ç‡§ß‡§® ‡§∏‡•á ‡§õ‡•Å‡§°‡§º‡§æ‡§§‡•á ‡§π‡•à‡§Ç‡•§‚Ä¶"
13,@BBC,-0.8481,0.275,0.686,0.039,Mon Apr 02 13:08:45 +0000 2018,"RT @POTerritory: 13 out of the 17 dead from #Gaza now confirmed terrorists. When it reaches 18/17 maybe we can expect the EU, @SenSanders,‚Ä¶"
14,@BBC,0.0,0.0,1.0,0.0,Mon Apr 02 13:08:24 +0000 2018,"RT @ProfElvanAktas: ‚ÄúKanlƒ± Tiyatro""
""Deadly Theater""
@cnni @bbc @AP @Reuters @dwnews @FoxNews @ABC @NBCNews @CBS @hrw @ariannahuff @OSCE_RF‚Ä¶"
15,@BBC,0.4404,0.0,0.873,0.127,Mon Apr 02 13:08:00 +0000 2018,"If the @BBC pledged 50/50 voice on Remain and Brexshit, that would be even better. The 95% pro-fascist Brexshit Tor‚Ä¶ https://t.co/UQpzYGsQ81"
16,@BBC,-0.8383,0.275,0.725,0.0,Mon Apr 02 13:07:44 +0000 2018,RT @milly4red: Where did the forces of LRC get these land mines?From @EmmanuelMacron who is so desperate to kill #Ambazonians just to steal‚Ä¶
17,@BBC,0.4215,0.0,0.887,0.113,Mon Apr 02 13:07:43 +0000 2018,RT @terryturton: I have nothing against #AlanPardew but he will now join a @BBC @ITVSport World Cup panel in the summer then get another jo‚Ä¶
18,@BBC,-0.4019,0.144,0.856,0.0,Mon Apr 02 13:07:09 +0000 2018,@Disney @DisneyCruise  https://t.co/MICX5e1Q8k  Come on Disney a AR15 to discuss their error not being allowed on t‚Ä¶ https://t.co/Xu3kXLhFsV
19,@BBC,0.0,0.0,1.0,0.0,Mon Apr 02 13:07:05 +0000 2018,@DavidLammy Why don't they @bbc do some proper reporting and spend a week in one of those schools and see it for th‚Ä¶ https://t.co/G3iOeQXEe4
20,@BBC,-0.4939,0.138,0.862,0.0,Mon Apr 02 13:07:03 +0000 2018,"RT @LynnRWebsterMD: How can Federal law still schedule marijuana with cocaine, methamphetamine, and heroin? It is baffling. As state laws b‚Ä¶"
21,@BBC,0.0,0.0,1.0,0.0,Mon Apr 02 13:06:03 +0000 2018,"RT @Martadpp: üëÄüëÄüìΩüìΩ Esto es lo que realmente sucede. 

‚ñ∂Ô∏èLos que se saltaron las leyes fueron los pol√≠ticos independentistas

‚ñ∂Ô∏èDesde el Gob‚Ä¶"
22,@BBC,0.0516,0.0,0.941,0.059,Mon Apr 02 13:05:47 +0000 2018,RT @ScotWedPhotos: This won't go away @BBCScotlandNews @BBCGaryR @BBC We're waiting for an apology and a full retraction of your deliberate‚Ä¶
23,@BBC,0.4215,0.0,0.877,0.123,Mon Apr 02 13:05:34 +0000 2018,I have nothing against #AlanPardew but he will now join a @BBC @ITVSport World Cup panel in the summer then get ano‚Ä¶ https://t.co/cxENEVegdW
24,@BBC,-0.6808,0.237,0.763,0.0,Mon Apr 02 13:05:22 +0000 2018,RT @kishkushkay: Videos that show how Palestinians stage fake deaths to smear Israel in the media @SkyNews @CNN @BBC https://t.co/8hOraGeCy2
25,@BBC,0.0,0.0,1.0,0.0,Mon Apr 02 13:05:10 +0000 2018,"RT @AEgbewatt1: The #Commonwealth, #UK your mission for membership into the #Gentleman'sclub is antithetical to the #dictatorial practices‚Ä¶"
26,@BBC,0.0,0.0,1.0,0.0,Mon Apr 02 13:04:40 +0000 2018,RT @BBC: Our favourite #AprilFoolsDay was when spaghetti grew on trees in 1957. https://t.co/qRGuM9NnRZ
27,@BBC,-0.5423,0.191,0.809,0.0,Mon Apr 02 13:04:34 +0000 2018,RT @judithnwana: No amt of curfews will solve/end #SouthernCameroons conflict as long as root cause isn't tackled &amp; #Cameroon continues to‚Ä¶
28,@BBC,0.7506,0.0,0.748,0.252,Mon Apr 02 13:04:31 +0000 2018,"RT @clarenasir: Thanks to Prof @AlanRobock from @RutgersU for his dark yet fascinating conversation about Nuclear Winter 
On this weeks @BB‚Ä¶"
29,@BBC,0.0,0.0,1.0,0.0,Mon Apr 02 13:03:37 +0000 2018,"RT @RCorbettMEP: Is the @BBC abdicating its responsibilities over #Brexit, 
asks Henry Porter:  
https://t.co/2mx73co2Fx"
30,@BBC,-0.2732,0.087,0.913,0.0,Mon Apr 02 13:03:15 +0000 2018,"RT @YardleyShooting: The Far Left in Britain is also a child of the creed of Political Correctness, a disguised form of Marxism which we ha‚Ä¶"
31,@BBC,0.0,0.0,1.0,0.0,Mon Apr 02 13:02:59 +0000 2018,RT @BBC: When you wake up and remember it's STILL the weekend. üòäüí§ #BankHoliday https://t.co/QMJ5lXS6dd
32,@BBC,0.0772,0.0,0.936,0.064,Mon Apr 02 13:02:48 +0000 2018,"RT @DrTalebJawad: #SaveAmalAlshammari

This video shows what typically happens if a Saudi woman calls the police or any state authority ask‚Ä¶"
33,@BBC,0.0,0.0,1.0,0.0,Mon Apr 02 13:02:16 +0000 2018,"RT @BBC: Never let a squirrel nibble your nobble... üéàüêøüò±
https://t.co/cHm9m6At3m"
34,@BBC,-0.7096,0.258,0.742,0.0,Mon Apr 02 13:02:08 +0000 2018,Time to stop #biased @BBC #crooks stealing OUR money. #scrapthefee.  New crackdown on those without TV licences as‚Ä¶ https://t.co/6wCpY9sacX
35,@BBC,0.0,0.0,1.0,0.0,Mon Apr 02 13:02:06 +0000 2018,RT @IsHennie: @DanisDragons @INTERPOL_HQ @FBI @FBIMostWanted @CIA @NSAGov @IvankaTrump @realDonaldTrump @MissingKids @ICMEC_official @Feder‚Ä¶
36,@BBC,-0.1717,0.248,0.537,0.215,Mon Apr 02 13:01:58 +0000 2018,RT @MaheeSwaero: Dear @myogiadityanath @BJP4India @narendramodi stop playing #Politricks on #Ambedkar this ridiculous #Shameful Opposition‚Ä¶
37,@BBC,0.0,0.0,1.0,0.0,Mon Apr 02 13:01:32 +0000 2018,@BBC https://t.co/R6cGE12bmH
38,@BBC,0.0,0.0,1.0,0.0,Mon Apr 02 13:01:10 +0000 2018,RT @BBC: From Easter egg nest cakes to hot cross buns: @BBCFood have lots of Easter baking ideas!  üç∞üç´üê£ https://t.co/2KH7JlTYXl https://t.co‚Ä¶
39,@BBC,0.0,0.0,1.0,0.0,Mon Apr 02 13:00:59 +0000 2018,@tvlicensingblog @BBC Now then now then.
40,@BBC,0.0,0.0,1.0,0.0,Mon Apr 02 13:00:46 +0000 2018,@Ross81862mare @UCLA @nkhensley @HuffPost @guardian @nypost @Independent @BBC Another case of (nonexistent) lesbian‚Ä¶ https://t.co/2SNX7OfKCk
41,@BBC,0.0,0.0,1.0,0.0,Mon Apr 02 13:00:17 +0000 2018,@ktheffect_ @sinandolayman @Yusuf__Tekin @bangtantr @BTSTurkey @LGBTTAileGrubu @BTSfanpage_x_tr @istanbulLGBT‚Ä¶ https://t.co/NfdhYszgA5
42,@BBC,-0.6808,0.237,0.763,0.0,Mon Apr 02 13:00:09 +0000 2018,RT @kishkushkay: Videos that show how Palestinians stage fake deaths to smear Israel in the media @SkyNews @CNN @BBC https://t.co/8hOraGeCy2
43,@BBC,-0.4497,0.18,0.82,0.0,Mon Apr 02 12:59:39 +0000 2018,"RT @SamLJPage: @CharlesTannock @ObiWokKanobe Pro-Brexit MEPs are amongst the laziest in the #EU  Parliament. No British pro-EU MEPs, but 35‚Ä¶"
44,@BBC,0.0,0.0,1.0,0.0,Mon Apr 02 12:59:17 +0000 2018,RT @inabster: @eddiesurfs @TheSun @meNabster @guardian @UKLabour By owning the UK Government he owns the @BBC #Murdoch ü§ìüê∏ü§™üëøüêç
45,@BBC,0.0,0.0,1.0,0.0,Mon Apr 02 12:58:49 +0000 2018,RT @BBC: Our favourite #AprilFoolsDay was when spaghetti grew on trees in 1957. https://t.co/qRGuM9NnRZ
46,@BBC,0.0,0.0,1.0,0.0,Mon Apr 02 12:58:48 +0000 2018,@ktheffect_ @sinandolayman @Yusuf__Tekin @bangtantr @BTSTurkey @LGBTTAileGrubu @BTSfanpage_x_tr @istanbulLGBT‚Ä¶ https://t.co/kW2a1y9Ewz
47,@BBC,-0.296,0.081,0.919,0.0,Mon Apr 02 12:58:19 +0000 2018,"RT @J_star500: This is the standard of the #UK national broadcaster. It no longer even tries to be accurate, all the while sucking at the t‚Ä¶"
48,@BBC,0.0,0.0,1.0,0.0,Mon Apr 02 12:57:52 +0000 2018,RT @BBC: Our favourite #AprilFoolsDay was when spaghetti grew on trees in 1957. https://t.co/qRGuM9NnRZ
49,@BBC,0.5106,0.0,0.842,0.158,Mon Apr 02 12:57:18 +0000 2018,RT @tvlicensingblog: Mel and Sue playing phallic games in The Generation Game. The last time there were scenes like this @bbc it was in a T‚Ä¶
50,@BBC,-0.5945,0.224,0.692,0.084,Mon Apr 02 12:57:01 +0000 2018,RT @Shelaco: Those who've supported terrorists in Syria - the so called 'moderate rebels' should also be subjected to the 'middle finger' a‚Ä¶
51,@BBC,0.0,0.0,1.0,0.0,Mon Apr 02 12:56:55 +0000 2018,.@BBCNews @BBC @10DowningStreet @GOVUK https://t.co/oDyTHfjeCD
52,@BBC,0.0,0.0,1.0,0.0,Mon Apr 02 12:56:50 +0000 2018,RT @G_Pen168: @Gareth91882603 @Bobilly10 These stories will never be carried on our MSM because from the @BBC to the highest order they are‚Ä¶
53,@BBC,0.0,0.0,1.0,0.0,Mon Apr 02 12:56:43 +0000 2018,@lancastrian14 @wendmyway @BoronutJohn @Stephenge3978 @bbcnickrobinson @BBCNews @BBC Corbyn gets zilch in the way o‚Ä¶ https://t.co/hu05wMF5qc
54,@BBC,-0.5994,0.14,0.86,0.0,Mon Apr 02 12:56:40 +0000 2018,RT @ClarkeMicah: That would be normal. @BBC's promotion of civil war in Syria and its one-sided reporting of it when it achieved it is a de‚Ä¶
55,@BBC,0.5106,0.0,0.83,0.17,Mon Apr 02 12:56:33 +0000 2018,Mel and Sue playing phallic games in The Generation Game. The last time there were scenes like this @bbc it was in‚Ä¶ https://t.co/k7gMRaf0Bu
56,@BBC,0.0,0.0,1.0,0.0,Mon Apr 02 12:56:11 +0000 2018,@xpressanny @Andrew_Adonis @Conservatives @Channel4News @BBCNews @BBCOne @BBCTwo @bbcthree @BBCFOUR @BBC‚Ä¶ https://t.co/fLhS1OGOVA
57,@BBC,0.0,0.0,1.0,0.0,Mon Apr 02 12:55:41 +0000 2018,What about non-binary people @BBC ? https://t.co/qnAJzLi3ii
58,@BBC,0.0,0.0,1.0,0.0,Mon Apr 02 12:55:39 +0000 2018,"RT @AWAKEALERT: Max Keiser quit @BBC because he got strict orders 
""NOT TO MENTION #ISRAEL IN ANY CONTEXT""
""This kind of censorship leads t‚Ä¶"
59,@BBC,0.0,0.0,1.0,0.0,Mon Apr 02 12:55:35 +0000 2018,Israel scraps African migrant deportation plan https://t.co/QAczrzMK9q [@BBC]
60,@BBC,0.0,0.0,1.0,0.0,Mon Apr 02 12:54:58 +0000 2018,@remain_central @patrickcherry @BBC @BBCNews Minford was introduced by Nicky Campbell on Radio 5 Live as a World Tr‚Ä¶ https://t.co/RTEEVAzGOv
61,@BBC,0.0,0.0,1.0,0.0,Mon Apr 02 12:54:58 +0000 2018,"RT @RGUq8esdv8Hclgt: #Dastak
#Reality_Of_Vedas
#‡§∏‡§Ç‡§§‡§∞‡§æ‡§Æ‡§™‡§æ‡§≤‡§ú‡•Ä ‡§Æ‡§π‡§æ‡§∞‡§æ‡§ú ‡§∂‡§æ‡§∏‡•ç‡§§‡•ç‡§∞ ‡§™‡•ç‡§∞‡§Æ‡§æ‡§£‡§ø‡§§ ‡§ú‡•ç‡§û‡§æ‡§® ‡§¨‡§§‡§æ‡§§‡•á ‡§π‡•à‡§Ç
‡§ê‡§∏‡§æ ‡§∏‡§§‡•ç‡§Ø‡§ú‡•ç‡§û‡§æ‡§® ‡§á‡§∏ ‡§™‡•Ç‡§∞‡•Ä ‡§™‡•É‡§•‡•ç‡§µ‡•Ä ‡§™‡§∞ ‡§∏‡§Ç‡§§‡§ú‡•Ä‚Ä¶"
62,@BBC,0.8126,0.0,0.714,0.286,Mon Apr 02 12:54:46 +0000 2018,"RT @spaceangel1964: Yes, there must be someone from the @BBC who can reveal the #BBCBias 
Please RT so we can find that courageous person.‚Ä¶"
63,@BBC,0.0,0.0,1.0,0.0,Mon Apr 02 12:54:20 +0000 2018,@Shelaco @BBC @Channel4 @SkyNews @CNN @ABC @IanPannell @itvnews @LBC üòÇat the very least.
64,@BBC,-0.2144,0.101,0.835,0.064,Mon Apr 02 12:54:13 +0000 2018,"RT @BBC: The illegal wildlife trade is worth ¬£18bn per year, but @wildliferescue are working to turn it around.

#BigCatsAboutTheHouse http‚Ä¶"
65,@BBC,-0.8613,0.36,0.64,0.0,Mon Apr 02 12:54:09 +0000 2018,"@Muqadaam @theresa_may If it;s from the @bbc then its BULLSHIT PROPAGANDA that should be ignored, there WILL be an‚Ä¶ https://t.co/4jOZ5bllUB"
66,@BBC,0.0,0.0,1.0,0.0,Mon Apr 02 12:54:04 +0000 2018,"RT @AWAKEALERT: Max Keiser quit @BBC because he got strict orders 
""NOT TO MENTION #ISRAEL IN ANY CONTEXT""
""This kind of censorship leads t‚Ä¶"
67,@BBC,0.0,0.0,1.0,0.0,Mon Apr 02 12:54:01 +0000 2018,"RT @RGUq8esdv8Hclgt: #MadeForMore
#Reality_Of_Vedas
‡§ê‡§∏‡§æ ‡§∏‡§§‡§ó‡•Å‡§∞‡•Å ‡§π‡§Æ ‡§Æ‡§ø‡§≤‡§æ ‡§∏‡•Å‡§∞‡§§ ‡§∏‡§ø‡§®‡•ç‡§ß‡•Å ‡§ï‡•á ‡§Æ‡§æ‡§Ç‡§π‡•Ä l
‡§∏‡§¨‡•ç‡§¶ ‡§∏‡•ç‡§µ‡§∞‡•Ç‡§™‡•Ä ‡§Ö‡§Ç‡§ó ‡§π‡•à ‡§™‡§ø‡§Ç‡§° ‡§™‡•ç‡§∞‡§æ‡§£ ‡§¨‡§ø‡§® ‡§õ‡§æ‡§Ç‡§π‡•Äll
#S‚Ä¶"
68,@BBC,-0.4767,0.14,0.86,0.0,Mon Apr 02 12:53:30 +0000 2018,RT @ColleenHanson17: @Animal_Watch @WildlifeRescue @BBC These skins were PRICELESS to the animals that wore them. This makes me sad beyond‚Ä¶
69,@BBC,0.0,0.0,1.0,0.0,Mon Apr 02 12:53:23 +0000 2018,@joan_rollins @BBC @LanceWhitney6 üëçüßÄüá®üá≠üßÄüá®üá≠üßÄüá®üá≠üßÄüá®üá≠üßÄüá®üá≠üòÇüòâ
70,@BBC,-0.4588,0.136,0.864,0.0,Mon Apr 02 12:53:23 +0000 2018,"Director of public prosecutions Alison Saunders to stand down

Unacceptable that she is permitted to do this and th‚Ä¶ https://t.co/aWXsycRLfR"
71,@BBC,0.4019,0.0,0.87,0.13,Mon Apr 02 12:53:16 +0000 2018,@theSNP Time for @BBC producers to appear before cross party committees in @ScotParl and @UKParliament to answer to‚Ä¶ https://t.co/bEOgTqHd18
72,@BBC,0.3802,0.0,0.607,0.393,Mon Apr 02 12:53:07 +0000 2018,@BBC keep it fair! https://t.co/ottelr3HEW
73,@BBC,-0.4404,0.132,0.868,0.0,Mon Apr 02 12:52:58 +0000 2018,"@Amy_Siskind I'll worry more about this when the GOP gov't starts kicking @BBC, @AJEnglish &amp; other foreign news ser‚Ä¶ https://t.co/vpZNzLqwZ0"
74,@BBC,-0.4939,0.185,0.727,0.088,Mon Apr 02 12:52:58 +0000 2018,RT @thecrezz: The @BBC have effectively acted as censor. This is not what they were set up to do. The news section in particuar has badly l‚Ä¶
75,@BBC,0.9607,0.0,0.452,0.548,Mon Apr 02 12:52:50 +0000 2018,RT @rioferdy5: Delighted to win best single documentary at the #RTSawards thank you for all your messages... Special thanks to everyone at‚Ä¶
76,@BBC,0.0,0.0,1.0,0.0,Mon Apr 02 12:52:48 +0000 2018,RT @mcnaughton_neil: @Rog_Anderson @ScotWedPhotos @BBCScotlandNews @BBCGaryR @BBC Just do it people https://t.co/gBSwAgNQwT
77,@BBC,0.0,0.0,1.0,0.0,Mon Apr 02 12:52:21 +0000 2018,"RT @Martadpp: üëÄüëÄüìΩüìΩ Esto es lo que realmente sucede. 

‚ñ∂Ô∏èLos que se saltaron las leyes fueron los pol√≠ticos independentistas

‚ñ∂Ô∏èDesde el Gob‚Ä¶"
78,@BBC,-0.5994,0.187,0.813,0.0,Mon Apr 02 12:52:19 +0000 2018,"RT @Salemalsalami84: ""War on #Yemen leaves children on the brink of famine"" Documentary by @BBC #Yemen
#3YearsOfSuffering
#3YearsOfWarOnYem‚Ä¶"
79,@BBC,0.4019,0.0,0.876,0.124,Mon Apr 02 12:52:15 +0000 2018,RT Time for @BBC producers to appear before cross party committees in @ScotParl and @UKParliament to answer to bias‚Ä¶ https://t.co/4Xu9T2wWmc
80,@BBC,0.0,0.0,1.0,0.0,Mon Apr 02 12:52:08 +0000 2018,@iMac_too @SushmaSwaraj This B-BC is trying to divide our country. Saw such reports in BBC hindi too. High time‚Ä¶ https://t.co/mvXqKRFcS9
81,@BBC,0.0,0.0,1.0,0.0,Mon Apr 02 12:52:08 +0000 2018,"This is Spain today
@Reuters
@ReutersWorld
@guardian
@Telegraph
@daily
@NZZ
@berlinerzeitung
@TheEconomist‚Ä¶ https://t.co/S3zmq2NxRZ"
82,@BBC,0.0,0.0,1.0,0.0,Mon Apr 02 12:52:00 +0000 2018,RT @ken_sugar: „Åù„ÅÜ„ÅÑ„Åà„Å∞10Âπ¥„Åª„Å©Ââç„Å´Ëã±BBC„Åå„Çπ„ÇØ„Éº„Éó„Åó„Åü„Éö„É≥„ÇÆ„É≥„Åü„Å°„ÅåÁ©∫„ÇíÈ£õ„Å∂Êò†ÂÉè„ÇíÂèé„ÇÅ„Åü„Éâ„Ç≠„É•„É°„É≥„Çø„É™„ÉºË∂ÖÊÑüÂãï„Åó„Åü„ÄÇ„Éû„Çπ„Ç≥„Éü„ÅØ #„Ç®„Ç§„Éó„É™„É´„Éï„Éº„É´ „Å´‰πó„ÅòÂØí„ÅÑ„Äå#„Éï„Çß„Ç§„ÇØ„Éã„É•„Éº„Çπ„Äç„ÇíÊµÅ„Åô„ÅÆ„Åß„ÅØ„Å™„Åè„ÄÅ„Åì„ÅÜ„ÅÑ„ÅÜÁü•„Çâ„Çå„Åñ„ÇãÂãïÁâ©„Åü„Å°„ÅÆÁúü„ÅÆÁîüÊÖã„Å™„Å©„Çí‰ºù„Åà„Å¶„Åª„Åó„ÅÑ„Å®ÊÄù‚Ä¶
83,@BBC,0.4019,0.0,0.863,0.137,Mon Apr 02 12:51:41 +0000 2018,@MrJohnNicolson Time for @BBC producers to appear before cross party committees in @ScotParl and @UKParliament to a‚Ä¶ https://t.co/84PiBxXTgn
84,@BBC,-0.2144,0.106,0.828,0.067,Mon Apr 02 12:51:34 +0000 2018,"RT @Animal_Watch: The illegal wildlife trade is worth ¬£18bn per year, but @wildliferescue are working to turn it around.

#BigCatsAboutTheH‚Ä¶"
85,@BBC,0.4019,0.0,0.863,0.137,Mon Apr 02 12:50:59 +0000 2018,@KatieKhaleesi Time for @BBC producers to appear before cross party committees in @ScotParl and @UKParliament to an‚Ä¶ https://t.co/FBU1kd5WBG
86,@BBC,-0.2144,0.106,0.828,0.067,Mon Apr 02 12:50:52 +0000 2018,"RT @Animal_Watch: The illegal wildlife trade is worth ¬£18bn per year, but @wildliferescue are working to turn it around.

#BigCatsAboutTheH‚Ä¶"
87,@BBC,0.0772,0.073,0.838,0.089,Mon Apr 02 12:50:51 +0000 2018,@JuliaHB1 @talkRADIO @BBC on the slope to oblivion. A non meritocracy only produces mediocrity. Socialism is a good‚Ä¶ https://t.co/44RCrG7t01
88,@BBC,-0.5106,0.148,0.852,0.0,Mon Apr 02 12:50:46 +0000 2018,"RT @BBC: A crack that opened up in Kenya‚Äôs Rift Valley, damaging a section of the Narok-Nairobi highway, is still growing... https://t.co/T‚Ä¶"
89,@BBC,-0.2144,0.106,0.828,0.067,Mon Apr 02 12:50:23 +0000 2018,"RT @Animal_Watch: The illegal wildlife trade is worth ¬£18bn per year, but @wildliferescue are working to turn it around.

#BigCatsAboutTheH‚Ä¶"
90,@BBC,-0.2144,0.106,0.828,0.067,Mon Apr 02 12:50:22 +0000 2018,"RT @Animal_Watch: The illegal wildlife trade is worth ¬£18bn per year, but @wildliferescue are working to turn it around.

#BigCatsAboutTheH‚Ä¶"
91,@BBC,0.0,0.0,1.0,0.0,Mon Apr 02 12:50:17 +0000 2018,@sinandolayman @ktheffect_ @Huseyin_Uckun @Yusuf__Tekin @bangtantr @BTSTurkey @LGBTTAileGrubu @BTSfanpage_x_tr‚Ä¶ https://t.co/cn9ZCMVc7O
92,@BBC,0.0,0.0,1.0,0.0,Mon Apr 02 12:49:51 +0000 2018,"RT @RCorbettMEP: Is the @BBC abdicating its responsibilities over #Brexit, 
asks Henry Porter:  
https://t.co/2mx73co2Fx"
93,@BBC,0.0,0.0,1.0,0.0,Mon Apr 02 12:49:46 +0000 2018,@BBC https://t.co/jYgXY2bnQE
94,@BBC,0.0,0.0,1.0,0.0,Mon Apr 02 12:49:42 +0000 2018,"RT @Martadpp: üëÄüëÄüìΩüìΩ Esto es lo que realmente sucede. 

‚ñ∂Ô∏èLos que se saltaron las leyes fueron los pol√≠ticos independentistas

‚ñ∂Ô∏èDesde el Gob‚Ä¶"
95,@BBC,-0.5267,0.167,0.833,0.0,Mon Apr 02 12:49:35 +0000 2018,"Just tried to watch The new generation game on the @bbc, you know, because I'm forced to pay for it or face prison.‚Ä¶ https://t.co/DdwDSfxAch"
96,@BBC,0.0,0.0,1.0,0.0,Mon Apr 02 12:49:28 +0000 2018,"RT @Martadpp: üëÄüëÄüìΩüìΩ Esto es lo que realmente sucede. 

‚ñ∂Ô∏èLos que se saltaron las leyes fueron los pol√≠ticos independentistas

‚ñ∂Ô∏èDesde el Gob‚Ä¶"
97,@BBC,0.0,0.0,1.0,0.0,Mon Apr 02 12:49:14 +0000 2018,@Huseyin_Uckun @sinandolayman @Yusuf__Tekin @bangtantr @BTSTurkey @LGBTTAileGrubu @BTSfanpage_x_tr @istanbulLGBT‚Ä¶ https://t.co/Hq1X5zM1uw
98,@BBC,-0.5994,0.206,0.794,0.0,Mon Apr 02 12:49:13 +0000 2018,"""War on #Yemen leaves children on the brink of famine"" Documentary by @BBC #Yemen
#3YearsOfSuffering‚Ä¶ https://t.co/ONEIBbD4DC"
99,@BBC,0.0,0.0,1.0,0.0,Mon Apr 02 12:48:48 +0000 2018,"RT @FreeS_Cameroons: @G_Thibault_Fr @francediplo #paulbiya: #Cameroon's ""#AbsenteePresident""
@PresidentialFoo L
@FouPresidentiel
@PR_Paul_B‚Ä¶"
100,@CBSNews,0.1154,0.0,0.943,0.057,Mon Apr 02 13:10:42 +0000 2018,"RT @CBSNews: A firefighter surprised two young girls at their home in Ohio, but when he took off his mask and helmet, they realized he wasn‚Ä¶"
101,@CBSNews,0.0,0.0,1.0,0.0,Mon Apr 02 13:10:32 +0000 2018,@CNN @ABC @NBCPolitics @CBSNews @cnnbrk @SenateDems @SenateGOP @HouseGOP @HouseDemocrats @realDonaldTrump Who the H‚Ä¶ https://t.co/S33zBDgV0M
102,@CBSNews,-0.5994,0.145,0.855,0.0,Mon Apr 02 13:10:30 +0000 2018,"RT @CBSNews: This week marks the 50th anniversary of the assassination of Dr. Martin Luther King Jr. Only on CBS News, @CBSMMiller spoke wi‚Ä¶"
103,@CBSNews,0.0,0.0,1.0,0.0,Mon Apr 02 13:10:30 +0000 2018,"RT @gray34758: @FoxNews , @cnnbrk , @MSNBC, @CBSNews , @NBCNews , @ABC why isn't anyone following this? These guys had control of everythin‚Ä¶"
104,@CBSNews,0.0,0.0,1.0,0.0,Mon Apr 02 13:10:14 +0000 2018,@drkerem @Noor_and_Alaa @RedCrescentTR @UNReliefChief @POTUS @Pontifex_it @jeremycorbyn @WhiteHouse‚Ä¶ https://t.co/JUaUXpaPg1
105,@CBSNews,0.1531,0.0,0.929,0.071,Mon Apr 02 13:10:02 +0000 2018,RT @CBSNews: Biologists are challenging the idea of naturalist Charles Darwin that evolution can not be observed in real time. Urban ecolog‚Ä¶
106,@CBSNews,0.0,0.0,1.0,0.0,Mon Apr 02 13:09:48 +0000 2018,@CBSNews **soldier
107,@CBSNews,0.0,0.0,1.0,0.0,Mon Apr 02 13:09:44 +0000 2018,RT @CBSNews: AHEAD on @CBSThisMorning: @CecileRichards is entering her final weeks at the helm of Planned Parenthood. She will step down as‚Ä¶
108,@CBSNews,-0.2244,0.136,0.763,0.1,Mon Apr 02 13:09:36 +0000 2018,trump is taking away healthcare for women. This sounds like something from The Handmaids Tale!  This is wrong and w‚Ä¶ https://t.co/yKrwMS6w3E
109,@CBSNews,0.0516,0.137,0.714,0.148,Mon Apr 02 13:09:30 +0000 2018,"@Flores460 @CBSNews Oh, Honey. I appreciate your ignorance. I implore you to #feedyourself rather than regurgitate‚Ä¶ https://t.co/t9ww9XKNzW"
110,@CBSNews,0.0,0.0,1.0,0.0,Mon Apr 02 13:09:09 +0000 2018,@MRSTXFabFace @CBSNews That maybe you. But the base doesn't feel the way you do. And rather then you call me a Liar‚Ä¶ https://t.co/tGO4uPFXSI
111,@CBSNews,0.0,0.0,1.0,0.0,Mon Apr 02 13:08:55 +0000 2018,"RT @ProgressCareUS: @ProgressCareUS (OTCQB: $RXMD) Releases #Investor Presentation Featuring S. Mars, CEO. The #presentation contains a bri‚Ä¶"
112,@CBSNews,0.7845,0.139,0.292,0.569,Mon Apr 02 13:08:53 +0000 2018,@CBSNews I love this. I have Tears of happiness.
113,@CBSNews,0.0,0.0,1.0,0.0,Mon Apr 02 13:08:32 +0000 2018,RT @CBSNews: Missouri GOP Senate candidate Josh Hawley sidesteps question on Trump's behavior https://t.co/HKByFWYNOI https://t.co/jVcsEzb9‚Ä¶
114,@CBSNews,0.0,0.0,1.0,0.0,Mon Apr 02 13:08:28 +0000 2018,@MSNBC @FoxNews @realDonaldTrump @ABC @NBCNews @CBSNews @IngrahamAngle @DonaldJTrumpJr @JesseBWatters‚Ä¶ https://t.co/mmejHmS0ZW
115,@CBSNews,0.0,0.0,1.0,0.0,Mon Apr 02 13:08:27 +0000 2018,RT @CBSNews: Hundreds of schools in Oklahoma and Kentucky are closed today as thousands of teachers prepare to rally at their State Capitol‚Ä¶
116,@CBSNews,0.0,0.0,1.0,0.0,Mon Apr 02 13:08:24 +0000 2018,"RT @ProfElvanAktas: ‚ÄúKanlƒ± Tiyatro""
""Deadly Theater""
@cnni @bbc @AP @Reuters @dwnews @FoxNews @ABC @NBCNews @CBS @hrw @ariannahuff @OSCE_RF‚Ä¶"
117,@CBSNews,0.128,0.056,0.866,0.078,Mon Apr 02 13:08:24 +0000 2018,RT @CBSNews: China imposed significant tariffs overnight on more than 100 imported American goods. The move is in retaliation for the Trump‚Ä¶
118,@CBSNews,0.0,0.0,1.0,0.0,Mon Apr 02 13:08:23 +0000 2018,RT @CBSNews: Missouri GOP Senate candidate Josh Hawley sidesteps question on Trump's behavior https://t.co/HKByFWYNOI https://t.co/jVcsEzb9‚Ä¶
119,@CBSNews,-0.7579,0.565,0.435,0.0,Mon Apr 02 13:08:21 +0000 2018,@CBSNews Delusional senile moron liar trump https://t.co/SssAX0c5tK
120,@CBSNews,0.0,0.0,1.0,0.0,Mon Apr 02 13:08:19 +0000 2018,@USSupremeCourt @UCLA @TIME @BBCNews @CBSNews @AJEnglish @NatGeo @cnni @IanKingSky @INTERPOL_Cyber https://t.co/PfNtDGatgL
121,@CBSNews,0.0,0.0,1.0,0.0,Mon Apr 02 13:08:18 +0000 2018,"RT @CBSNews: A group of teenagers are in midst of a 50-mile journey from Mississippi to Memphis, Tennessee, as a tribute to Dr. Martin Luth‚Ä¶"
122,@CBSNews,0.2263,0.0,0.905,0.095,Mon Apr 02 13:08:14 +0000 2018,RT @CBSNews: Student protestors at Howard University are entering their fifth straight day occupying schools' administrative building. It s‚Ä¶
123,@CBSNews,0.2263,0.0,0.905,0.095,Mon Apr 02 13:08:05 +0000 2018,RT @CBSNews: Student protestors at Howard University are entering their fifth straight day occupying schools' administrative building. It s‚Ä¶
124,@CBSNews,-0.7351,0.255,0.745,0.0,Mon Apr 02 13:08:03 +0000 2018,@CBSNews As he continues to lose and get stopped at every turn he is losing his grip on reality. Men in white coats next.
125,@CBSNews,0.0,0.0,1.0,0.0,Mon Apr 02 13:07:47 +0000 2018,#PolandDaily #StopAntipolonism @guardian @observer @Telegraph @USATODAY @CBSNews @CBSEveningNews @NBCNews‚Ä¶ https://t.co/rVgjd5AqG3
126,@CBSNews,0.0,0.0,1.0,0.0,Mon Apr 02 13:07:45 +0000 2018,@CBSNews One more pussy grabbed.
127,@CBSNews,-0.5859,0.242,0.758,0.0,Mon Apr 02 13:07:44 +0000 2018,@CBSNews @CBSThisMorning Bizarre argument by Zuckerberg. Apple doesn‚Äôt make its money by collecting and selling you‚Ä¶ https://t.co/PLDfQ5QOyN
128,@CBSNews,0.0,0.0,1.0,0.0,Mon Apr 02 13:07:43 +0000 2018,@BBCNews @itvnews @AFP @guardiannews @CBSNews @SkyNews  @cnnbrk @AlJazeera  @nytimes @NewYorker @nypost @Reuters‚Ä¶ https://t.co/MNFIiwL9dn
129,@CBSNews,0.1154,0.0,0.943,0.057,Mon Apr 02 13:07:39 +0000 2018,"RT @CBSNews: A firefighter surprised two young girls at their home in Ohio, but when he took off his mask and helmet, they realized he wasn‚Ä¶"
130,@CBSNews,0.0,0.0,1.0,0.0,Mon Apr 02 13:07:35 +0000 2018,"RT @CBSNews: A group of teenagers are in midst of a 50-mile journey from Mississippi to Memphis, Tennessee, as a tribute to Dr. Martin Luth‚Ä¶"
131,@CBSNews,-0.3802,0.393,0.607,0.0,Mon Apr 02 13:07:33 +0000 2018,@CBSNews Mitt Romney loses again!
132,@CBSNews,0.0,0.0,1.0,0.0,Mon Apr 02 13:07:28 +0000 2018,"RT @ParshuR89904153: #Reality_Of_Vedas
 ‡§µ‡•á‡§¶‡•ã‡§Ç ‡§Æ‡•á‡§Ç ‡§™‡•Ç‡§∞‡•ç‡§£ ‡§™‡§∞‡§Æ‡§æ‡§§‡•ç‡§Æ‡§æ ‡§ï‡•å‡§® ‡§π‡•à ‡§ú‡§æ‡§®‡§®‡•á ‡§ï‡•á ‡§≤‡§ø‡§è ‡§¶‡•á‡§ñ‡§ø‡§è

Must watch : Sadhna Tv 07:30 To 08:30 PM
#April‚Ä¶"
133,@CBSNews,0.0,0.0,1.0,0.0,Mon Apr 02 13:07:28 +0000 2018,@CBSNews Here is another fool...Just wait till he meets our Lord... We'll see what we re his...SOUL...End up...!!!
134,@CBSNews,0.09,0.0,0.922,0.078,Mon Apr 02 13:07:24 +0000 2018,RT @CBSNews: President Trump blasts Amazon ‚Äî but his campaign used it regularly for office supplies https://t.co/5YPLV5DYIz https://t.co/dR‚Ä¶
135,@CBSNews,-0.1531,0.14,0.746,0.114,Mon Apr 02 13:07:24 +0000 2018,@Flores460 @CBSNews I wasn‚Äôt alive to steal anything anymore than you ever lived in Africa nor were a slave. Today‚Ä¶ https://t.co/ji8GydtiPk
136,@CBSNews,-0.4648,0.126,0.874,0.0,Mon Apr 02 13:07:23 +0000 2018,RT @NancyWonderful: and #Zuckerberg sells the DATA to #CambridgeAnalytics and others ... we see you GREEDY @facebook don't BS us ... https:‚Ä¶
137,@CBSNews,-0.4767,0.181,0.819,0.0,Mon Apr 02 13:07:16 +0000 2018,@FoxNews  @ABC  @CBSNews  yall not slick üòÇüòÇüòÇüòÇ you should be ashamed of y‚Äôall selves https://t.co/iS80DOzvPJ
138,@CBSNews,0.1154,0.0,0.943,0.057,Mon Apr 02 13:06:56 +0000 2018,"RT @CBSNews: A firefighter surprised two young girls at their home in Ohio, but when he took off his mask and helmet, they realized he wasn‚Ä¶"
139,@CBSNews,0.0,0.0,1.0,0.0,Mon Apr 02 13:06:46 +0000 2018,"RT @CBSNews: WATCH: After a long and cold winter, Washington, D.C.'s signature cherry blossoms are finally at peak bloom https://t.co/HL68Z‚Ä¶"
140,@CBSNews,-0.34,0.255,0.745,0.0,Mon Apr 02 13:06:43 +0000 2018,@CBSNews Fire them all and bust those commies.
141,@CBSNews,0.0,0.0,1.0,0.0,Mon Apr 02 13:06:43 +0000 2018,RT @CBSNews: Missouri GOP Senate candidate Josh Hawley sidesteps question on Trump's behavior https://t.co/HKByFWYNOI https://t.co/jVcsEzb9‚Ä¶
142,@CBSNews,0.0,0.0,1.0,0.0,Mon Apr 02 13:06:36 +0000 2018,@MSNBC @FoxNews @realDonaldTrump @ABC @NBCNews @CBSNews @IngrahamAngle @DonaldJTrumpJr @JesseBWatters‚Ä¶ https://t.co/JKzNeInOHO
143,@CBSNews,0.0,0.0,1.0,0.0,Mon Apr 02 13:06:29 +0000 2018,"RT @CBSNews: ""I am here to acknowledge &amp; represent the African-American girls whose stories don't make the front page of every national new‚Ä¶"
144,@CBSNews,0.1531,0.0,0.929,0.071,Mon Apr 02 13:06:29 +0000 2018,RT @CBSNews: Biologists are challenging the idea of naturalist Charles Darwin that evolution can not be observed in real time. Urban ecolog‚Ä¶
145,@CBSNews,0.0,0.0,1.0,0.0,Mon Apr 02 13:06:28 +0000 2018,RT @james_meader: Team @schilthuizen in the @CBSNews green room. Tune in to @CBSThisMorning at 8:42 for Menno discussing urban ecology and‚Ä¶
146,@CBSNews,0.0,0.0,1.0,0.0,Mon Apr 02 13:06:12 +0000 2018,RT @CBSNews: Missouri GOP Senate candidate Josh Hawley sidesteps question on Trump's behavior https://t.co/HKByFWYNOI https://t.co/jVcsEzb9‚Ä¶
147,@CBSNews,0.0,0.0,1.0,0.0,Mon Apr 02 13:06:08 +0000 2018,"RT @CBSNews: A group of teenagers are in midst of a 50-mile journey from Mississippi to Memphis, Tennessee, as a tribute to Dr. Martin Luth‚Ä¶"
148,@CBSNews,0.0,0.0,1.0,0.0,Mon Apr 02 13:05:58 +0000 2018,@LarrysMontse @salvadorcot @BBCBreaking @cnnbrk @AlJazeera @guardian @BILD @Le_Figaro @SkyNews @CBSNews @NBCNews‚Ä¶ https://t.co/T6jfcIyrCH
149,@CBSNews,0.5719,0.0,0.844,0.156,Mon Apr 02 13:05:51 +0000 2018,@CBSNews At least he did not order mass crucifixions to celebrate Easter. Give it time he may try it next Easter.
150,@CBSNews,0.5423,0.082,0.706,0.212,Mon Apr 02 13:05:45 +0000 2018,@Flores460 @CBSNews That a LIE. We have DACA friends Dear. We PAID attorneys fees for DACA . You‚Äôve no idea what you‚Äôre talking about.
151,@CBSNews,0.0,0.0,1.0,0.0,Mon Apr 02 13:05:38 +0000 2018,"@CBSNews David Hogg has said the following at different times:
1. He was at the school in a class when the shooting‚Ä¶ https://t.co/qEg2zIADEj"
152,@CBSNews,0.0,0.0,1.0,0.0,Mon Apr 02 13:05:36 +0000 2018,@BBCNews @itvnews @AFP @guardiannews @CBSNews @SkyNews  @cnnbrk @AlJazeera  @nytimes @NewYorker @nypost @Reuters‚Ä¶ https://t.co/KHFBtITK3h
153,@CBSNews,0.0,0.0,1.0,0.0,Mon Apr 02 13:05:32 +0000 2018,@CBSNews This is not news. It is news when a congressman does NOT sidestep Trump‚Äôs behavior.  Got it?
154,@CBSNews,0.1531,0.0,0.929,0.071,Mon Apr 02 13:05:28 +0000 2018,RT @CBSNews: Biologists are challenging the idea of naturalist Charles Darwin that evolution can not be observed in real time. Urban ecolog‚Ä¶
155,@CBSNews,0.0,0.0,1.0,0.0,Mon Apr 02 13:05:23 +0000 2018,"Every BODY Suffersüòî

@BBCNews @BBCNewsnight @BrietbartNews @CBSNews @Channel4News @DailyMirror @FT @FiveNewsUK‚Ä¶ https://t.co/0F5VXCo4zf"
156,@CBSNews,0.0,0.0,1.0,0.0,Mon Apr 02 13:05:19 +0000 2018,"RT @CBSNews: ""Tonight in this room full of music's dreamers, we remember that this country was built by dreamers, for dreamers, chasing the‚Ä¶"
157,@CBSNews,-0.7269,0.307,0.693,0.0,Mon Apr 02 13:05:02 +0000 2018,"RT @FLindsay14: Mainstream Media ignores arrests of 
 Pedophile rings 
keeping their audience ignorant of crimes 
w/in their own communitie‚Ä¶"
158,@CBSNews,0.1154,0.0,0.943,0.057,Mon Apr 02 13:05:00 +0000 2018,"RT @CBSNews: A firefighter surprised two young girls at their home in Ohio, but when he took off his mask and helmet, they realized he wasn‚Ä¶"
159,@CBSNews,-0.128,0.15,0.725,0.124,Mon Apr 02 13:04:59 +0000 2018,@cbsnews @kmov @stltoday  @FOX2now @ksdknews   Were there any arrests made in security shutdown @maairport yesterda‚Ä¶ https://t.co/uoEK1eulIs
160,@CBSNews,0.0,0.0,1.0,0.0,Mon Apr 02 13:04:57 +0000 2018,@BrianKarem @maddow @MSNBC @JoyAnnReid @AriMelber @chrislhayes @Lawrence @CNNPolitics @CNN @cnnbrk @nytimes‚Ä¶ https://t.co/RiDV44WN0Z
161,@CBSNews,0.0,0.0,1.0,0.0,Mon Apr 02 13:04:57 +0000 2018,"RT @CBSNews: Millions of shoppers at Saks Fifth Avenue, Saks off Fifth and Lord &amp; Taylor may be impacted by a massive data breach. A cybers‚Ä¶"
162,@CBSNews,0.1154,0.0,0.943,0.057,Mon Apr 02 13:04:54 +0000 2018,"RT @CBSNews: A firefighter surprised two young girls at their home in Ohio, but when he took off his mask and helmet, they realized he wasn‚Ä¶"
163,@CBSNews,-0.4588,0.75,0.25,0.0,Mon Apr 02 13:04:51 +0000 2018,@CBSNews Coward.
164,@CBSNews,0.0,0.0,1.0,0.0,Mon Apr 02 13:04:47 +0000 2018,RT @4bins: @Icon99558924 @M2theMfknJ @Gods_Spy @OhRoyalOne @whereangelsdare @FreeWales @gok_gabriel @N0n_C0nformist @Anon6_NvrForget @Trish‚Ä¶
165,@CBSNews,0.0,0.0,1.0,0.0,Mon Apr 02 13:04:47 +0000 2018,@Deadspin @CBSNews
166,@CBSNews,-0.3818,0.722,0.278,0.0,Mon Apr 02 13:04:34 +0000 2018,@CBSNews cowardly
167,@CBSNews,-0.5994,0.145,0.855,0.0,Mon Apr 02 13:04:26 +0000 2018,"RT @CBSNews: This week marks the 50th anniversary of the assassination of Dr. Martin Luther King Jr. Only on CBS News, @CBSMMiller spoke wi‚Ä¶"
168,@CBSNews,-0.4588,0.2,0.8,0.0,Mon Apr 02 13:03:56 +0000 2018,RT @CBSNews: Video shows man attacking Muslim woman at Detroit hospital https://t.co/xkK7lk1jvg https://t.co/jOjGslQp7x
169,@CBSNews,0.0,0.0,1.0,0.0,Mon Apr 02 13:03:49 +0000 2018,RT @CBSNews: Dr. Martin Luther King Jr.‚Äôs children speak about their father's legacy and say he was far more radical in his ideas and quest‚Ä¶
170,@CBSNews,0.0,0.0,1.0,0.0,Mon Apr 02 13:03:45 +0000 2018,@MRSTXFabFace @CBSNews On DACA. It's not what the Trump base wants! So that's it! The base wants to make America wh‚Ä¶ https://t.co/lKkIZFEeI5
171,@CBSNews,0.1154,0.0,0.943,0.057,Mon Apr 02 13:03:41 +0000 2018,"RT @CBSNews: A firefighter surprised two young girls at their home in Ohio, but when he took off his mask and helmet, they realized he wasn‚Ä¶"
172,@CBSNews,0.5574,0.116,0.579,0.305,Mon Apr 02 13:03:34 +0000 2018,"@CBSNews Nope, no free passes @GOP he is all yours, like it or not."
173,@CBSNews,-0.5994,0.145,0.855,0.0,Mon Apr 02 13:03:25 +0000 2018,"RT @CBSNews: This week marks the 50th anniversary of the assassination of Dr. Martin Luther King Jr. Only on CBS News, @CBSMMiller spoke wi‚Ä¶"
174,@CBSNews,0.0,0.0,1.0,0.0,Mon Apr 02 13:03:24 +0000 2018,"RT @saucersource: @Moturoais @CBSNews Arizona, New Mexico in the air UFOs can fly by and you can see them from the ground just sitting in t‚Ä¶"
175,@CBSNews,0.0,0.0,1.0,0.0,Mon Apr 02 13:03:23 +0000 2018,RT @CBSNews: Dr. Martin Luther King Jr.‚Äôs children speak about their father's legacy and say he was far more radical in his ideas and quest‚Ä¶
176,@CBSNews,0.0,0.0,1.0,0.0,Mon Apr 02 13:03:21 +0000 2018,RT @CBSNews: Missouri GOP Senate candidate Josh Hawley sidesteps question on Trump's behavior https://t.co/HKByFWYNOI https://t.co/jVcsEzb9‚Ä¶
177,@CBSNews,0.0,0.0,1.0,0.0,Mon Apr 02 13:03:21 +0000 2018,RT @gilberthealien: @Moturoais @LIVE_COVERAGE @CBSNews 2 pilots .. but none of the passengers ü§îü§î
178,@CBSNews,0.4199,0.0,0.887,0.113,Mon Apr 02 13:03:18 +0000 2018,RT @Moturoais: Did they say anything to the passengers! Like grab your cell phone and look left?/ 2 airline pilots report seeing UFO while‚Ä¶
179,@CBSNews,0.4199,0.0,0.887,0.113,Mon Apr 02 13:03:18 +0000 2018,RT @Moturoais: Did they say anything to the passengers! Like grab your cell phone and look left?/ 2 airline pilots report seeing UFO while‚Ä¶
180,@CBSNews,-0.5994,0.157,0.843,0.0,Mon Apr 02 13:03:17 +0000 2018,RT @CBSThisMorning: This week marks the 50th anniversary of the assassination of Dr. Martin Luther King jr. We'll examine Dr. King's legacy‚Ä¶
181,@CBSNews,0.09,0.0,0.922,0.078,Mon Apr 02 13:03:07 +0000 2018,RT @CBSNews: President Trump blasts Amazon ‚Äî but his campaign used it regularly for office supplies https://t.co/5YPLV5DYIz https://t.co/dR‚Ä¶
182,@CBSNews,0.2263,0.0,0.905,0.095,Mon Apr 02 13:02:29 +0000 2018,RT @CBSNews: Student protestors at Howard University are entering their fifth straight day occupying schools' administrative building. It s‚Ä¶
183,@CBSNews,0.0,0.0,1.0,0.0,Mon Apr 02 13:02:22 +0000 2018,"RT @MzNikkiNew: ‚ÅâÔ∏èWhy isn‚Äôt this a priority‚ÅâÔ∏è
cc: .@democracynow .@CoryBooker .@chuckschumer .@NancyPelosi .@MSNBC .@CREWcrew .@SenateDems‚Ä¶"
184,@CBSNews,0.0,0.0,1.0,0.0,Mon Apr 02 13:02:11 +0000 2018,"RT @truckster1: Five DUIs, deported twice, but still in Colorado https://t.co/SKKATqrCpI via @cbsnews
#NoAmnesty 
#BuildTheWall 
#EndDACA‚Ä¶"
185,@CBSNews,0.1531,0.0,0.929,0.071,Mon Apr 02 13:02:01 +0000 2018,RT @CBSNews: Biologists are challenging the idea of naturalist Charles Darwin that evolution can not be observed in real time. Urban ecolog‚Ä¶
186,@CBSNews,0.4939,0.0,0.833,0.167,Mon Apr 02 13:02:00 +0000 2018,RT @CBSNews: Teens begin 50-mile march to Memphis in honor of Martin Luther King Jr. https://t.co/20OCE6aWD4 https://t.co/kwnUOhA2pF
187,@CBSNews,-0.25,0.1,0.9,0.0,Mon Apr 02 13:01:57 +0000 2018,@BillFOXLA @CBSNews @WGME Your affiliation with Sinclair makes you part of the propaganda machine of far right. Mig‚Ä¶ https://t.co/g7k4DDcN7Z
188,@CBSNews,0.4939,0.0,0.833,0.167,Mon Apr 02 13:01:51 +0000 2018,RT @CBSNews: Teens begin 50-mile march to Memphis in honor of Martin Luther King Jr. https://t.co/LyM1sTRuyF https://t.co/6Wqe614WTO
189,@CBSNews,0.0,0.0,1.0,0.0,Mon Apr 02 13:01:40 +0000 2018,RT @Loire1: @BobbiFotsch @ConawayTX11 @JennieLouLeeder @texasdemocrats @ANDERSONCOOPER @CNN @LESTERHOLTNBC @NBCNIGHTLYNEWS @INGRAHAMANGLE @‚Ä¶
190,@CBSNews,0.0,0.0,1.0,0.0,Mon Apr 02 13:01:35 +0000 2018,RT @krystynaWarsaw: #ChurchInPoland #StopAntipolonism @guardian @observer @Telegraph @USATODAY @CBSNews @CBSEveningNews @NBCNews @washingto‚Ä¶
191,@CBSNews,-0.6249,0.203,0.797,0.0,Mon Apr 02 13:01:32 +0000 2018,"RT @CBSNews: For combat veterans, a new discovery could mean that many cases of PTSD, long thought to be a mostly psychological illness, ma‚Ä¶"
192,@CBSNews,0.1531,0.0,0.929,0.071,Mon Apr 02 13:01:00 +0000 2018,RT @CBSNews: Biologists are challenging the idea of naturalist Charles Darwin that evolution can not be observed in real time. Urban ecolog‚Ä¶
193,@CBSNews,0.4939,0.0,0.789,0.211,Mon Apr 02 13:00:59 +0000 2018,RT @CBSNews: Hundreds line streets of Cambridge to honor Stephen Hawking https://t.co/XIm8cBYEVn https://t.co/HsdokZcsok
194,@CBSNews,-0.5562,0.159,0.841,0.0,Mon Apr 02 13:00:40 +0000 2018,@MRSTXFabFace @CBSNews Several bipartisan bills were sent to the Guy in the whitehouse only to be rejected! The Dem‚Ä¶ https://t.co/ClAqxi4luR
195,@CBSNews,0.0,0.0,1.0,0.0,Mon Apr 02 13:00:39 +0000 2018,@SkolTroll1 @CBSNews ‚ÄúI was alerted in Dec 2016 that there may have been some misappropriation of University-provid‚Ä¶ https://t.co/DaUkya4a7f
196,@CBSNews,-0.4588,0.2,0.8,0.0,Mon Apr 02 13:00:31 +0000 2018,RT @CBSNews: Video shows man attacking Muslim woman at Detroit hospital https://t.co/xkK7lk1jvg https://t.co/jOjGslQp7x
197,@CBSNews,0.1531,0.0,0.929,0.071,Mon Apr 02 13:00:19 +0000 2018,RT @CBSNews: Biologists are challenging the idea of naturalist Charles Darwin that evolution can not be observed in real time. Urban ecolog‚Ä¶
198,@CBSNews,0.0,0.0,1.0,0.0,Mon Apr 02 13:00:17 +0000 2018,@CBSNews China if you‚Äôre listening. Mar-a-Lago coordinates: 26¬∞40‚Ä≤37‚Ä≥N 80¬∞02‚Ä≤13‚Ä≥W
199,@CBSNews,-0.5994,0.145,0.855,0.0,Mon Apr 02 12:59:59 +0000 2018,"RT @CBSNews: This week marks the 50th anniversary of the assassination of Dr. Martin Luther King Jr. Only on CBS News, @CBSMMiller spoke wi‚Ä¶"
200,@CNN,0.4391,0.0,0.892,0.108,Mon Apr 02 13:10:48 +0000 2018,"RT @CNN: An all-newsroom email from one station news director read: ""Let me be absolutely clear here... These MUST Run. If they do not, my‚Ä¶"
201,@CNN,-0.296,0.155,0.845,0.0,Mon Apr 02 13:10:48 +0000 2018,RT @CNN: The giant panda is no longer an endangered species https://t.co/Tl5tM3Xzbg https://t.co/SaUdIGvLUO
202,@CNN,0.1513,0.0,0.923,0.077,Mon Apr 02 13:10:48 +0000 2018,"@CNN Hey folks, do we really want Corporate America deciding what is ""acceptable"" speech that is NOT  ""violent"" or‚Ä¶ https://t.co/yP8CpsirGQ"
203,@CNN,0.7003,0.0,0.463,0.537,Mon Apr 02 13:10:48 +0000 2018,"@CNN That is one effective way, yes."
204,@CNN,0.0,0.0,1.0,0.0,Mon Apr 02 13:10:47 +0000 2018,RT @CNN: He‚Äôs a high school algebra teacher in Oklahoma. And a bus driver. And a Little League umpire. And he drives for Uber and Lyft. All‚Ä¶
205,@CNN,0.6808,0.0,0.817,0.183,Mon Apr 02 13:10:47 +0000 2018,RT @CNN: This 17-year-old applied to 20 of the best universities in the US and was admitted to every single one with a full ride -- and $26‚Ä¶
206,@CNN,-0.9073,0.407,0.593,0.0,Mon Apr 02 13:10:47 +0000 2018,RT @JWalkerII: @CNN @HeyNikki1 I will seriously NOT MISS having to see updates about this Orange Douchebag after he's impeached. So SICK of‚Ä¶
207,@CNN,0.4019,0.0,0.722,0.278,Mon Apr 02 13:10:46 +0000 2018,@lukaspackfan @safeprison @LillianKaufer @Maveric96280578 @CNN Yes.  They.  Do.
208,@CNN,-0.9169,0.404,0.596,0.0,Mon Apr 02 13:10:45 +0000 2018,"RT @CNN: President Trump says ""our country is being stolen"" due to an influx of illegal immigration, blaming Democrats for weak border prot‚Ä¶"
209,@CNN,0.0,0.0,1.0,0.0,Mon Apr 02 13:10:45 +0000 2018,@CNN How come a judge makes more than  a teacher?
210,@CNN,0.3767,0.227,0.413,0.36,Mon Apr 02 13:10:44 +0000 2018,@EdwinRo47796972 @CNN That because Liberal cancer is so much better. LOL
211,@CNN,0.0,0.0,1.0,0.0,Mon Apr 02 13:10:43 +0000 2018,RT @CNN: He‚Äôs an algebra teacher in Oklahoma. And a bus driver. And a Little League umpire. And he drives for Uber and Lyft. All because he‚Ä¶
212,@CNN,-0.7506,0.262,0.738,0.0,Mon Apr 02 13:10:43 +0000 2018,RT @PeterMarrtin: @MayowaBanjo @tmcs10 @ashtonbirdie @KyleKashuv @CNN @joanwalsh He stood on the graves of his peers to abuse a national pl‚Ä¶
213,@CNN,0.4391,0.0,0.892,0.108,Mon Apr 02 13:10:41 +0000 2018,"RT @CNN: An all-newsroom email from one station news director read: ""Let me be absolutely clear here... These MUST Run. If they do not, my‚Ä¶"
214,@CNN,0.1531,0.108,0.76,0.132,Mon Apr 02 13:10:38 +0000 2018,RT @CNN: The Utah Jazz's home arena has a sensory-inclusive space for fans with autism spectrum disorder and other intellectual and develop‚Ä¶
215,@CNN,-0.4404,0.139,0.861,0.0,Mon Apr 02 13:10:38 +0000 2018,RT @CNN: Sinclair Broadcast Group tells local news stations to air media-bashing promos ‚Äî and the criticism goes viral https://t.co/srF36m2‚Ä¶
216,@CNN,0.0129,0.0,0.954,0.046,Mon Apr 02 13:10:37 +0000 2018,RT @ElderLansing: Antifa. Black Lives Matter. And now the Parkland Progressive Puppets. The name may change but the goal is the same; sprea‚Ä¶
217,@CNN,0.2263,0.0,0.924,0.076,Mon Apr 02 13:10:34 +0000 2018,"RT @CNN: The Chinese government said that tariffs on about $3 billion worth of US imports are going into effect Monday, hitting 128 product‚Ä¶"
218,@CNN,-0.0772,0.228,0.623,0.149,Mon Apr 02 13:10:33 +0000 2018,RT @CNN: A Chinese college student who made no threats but had alarmed a roommate and a friend with his behavior and bought two semiautomat‚Ä¶
219,@CNN,-0.7351,0.383,0.617,0.0,Mon Apr 02 13:10:33 +0000 2018,RT @CNN: Tesla Model X was in autopilot before fatal crash https://t.co/b1wcGU2Fcl https://t.co/3IbQ5slT5Z
220,@CNN,0.4215,0.0,0.843,0.157,Mon Apr 02 13:10:33 +0000 2018,@WakeUpHappy2017 @CtBrokerRoks @realDonaldTrump @CNN @nbc How about this where knives are in general easier accesab‚Ä¶ https://t.co/xCFiRPFMAI
221,@CNN,0.0,0.0,1.0,0.0,Mon Apr 02 13:10:33 +0000 2018,@CNN  https://t.co/sOwGSS68B3
222,@CNN,0.0,0.0,1.0,0.0,Mon Apr 02 13:10:32 +0000 2018,@CNN @ABC @NBCPolitics @CBSNews @cnnbrk @SenateDems @SenateGOP @HouseGOP @HouseDemocrats @realDonaldTrump Who the H‚Ä¶ https://t.co/S33zBDgV0M
223,@CNN,-0.296,0.155,0.845,0.0,Mon Apr 02 13:10:32 +0000 2018,RT @CNN: The giant panda is no longer an endangered species https://t.co/Tl5tM3Xzbg https://t.co/SaUdIGvLUO
224,@CNN,-0.7109,0.272,0.647,0.081,Mon Apr 02 13:10:31 +0000 2018,"RT @CNN: ""What kind of dumbass colleges don't want you?"" Alisyn Camerota asks Parkland survivor David Hogg, who says he was rejected from f‚Ä¶"
225,@CNN,0.6259,0.0,0.718,0.282,Mon Apr 02 13:10:31 +0000 2018,"@KilTheCarnage @futuristicwater @CNN You're right, we don't need useless stupid people.. When are you leaving?"
226,@CNN,0.6808,0.0,0.811,0.189,Mon Apr 02 13:10:30 +0000 2018,RT @CNN: This 17-year-old applied to 20 of the best universities in the US and was admitted to every single one with a full ride ‚Äî and $260‚Ä¶
227,@CNN,0.8979,0.0,0.647,0.353,Mon Apr 02 13:10:29 +0000 2018,"RT @CNN: Here's how Micheal Brown celebrated his acceptance to Stanford. The 17-year-old from Houston, Texas, applied to 20 of the best uni‚Ä¶"
228,@CNN,0.7901,0.0,0.682,0.318,Mon Apr 02 13:10:28 +0000 2018,RT @Dedmon15: Ready for tomorrow! Love this. #FundOKEd #TogetherWeAreStronger #TheTimeIsNow #OKLeg @okea @NewsOK @OETAOK @cnn @VICE @USATOD‚Ä¶
229,@CNN,0.5319,0.0,0.865,0.135,Mon Apr 02 13:10:28 +0000 2018,"RT @zampella: @CNN As long as money equals speech, then YES .. employing money as speech to express ideas, concerns or even dissatisfaction‚Ä¶"
230,@CNN,-0.0772,0.117,0.78,0.102,Mon Apr 02 13:10:26 +0000 2018,"@CNN I'm a gun owner, believe strongly in 2nd amendment rights for CITIZENS, do not believe non-citizens, temporary‚Ä¶ https://t.co/GC7BYUgxE7"
231,@CNN,-0.5106,0.191,0.809,0.0,Mon Apr 02 13:10:26 +0000 2018,@eshh85 @LillianKaufer @TPurcell20 @Maveric96280578 @CNN I‚Äôll keep posting u links since your to dumb to research
232,@CNN,0.0516,0.155,0.714,0.13,Mon Apr 02 13:10:26 +0000 2018,"RT @obianuju: When a man cheats on his wife there is no love there (so the ‚Äúlove life‚Äù is an illusion), also there is nothing legendary abo‚Ä¶"
233,@CNN,0.4588,0.0,0.812,0.188,Mon Apr 02 13:10:25 +0000 2018,@Adhere2Truth @CNN As long as DACA is done and the illegals deported who cares.
234,@CNN,0.8979,0.0,0.647,0.353,Mon Apr 02 13:10:25 +0000 2018,"RT @CNN: Here's how Micheal Brown celebrated his acceptance to Stanford. The 17-year-old from Houston, Texas, applied to 20 of the best uni‚Ä¶"
235,@CNN,-0.7925,0.334,0.666,0.0,Mon Apr 02 13:10:25 +0000 2018,@CNN @HeyNikki1 I will seriously NOT MISS having to see updates about this Orange Douchebag after he's impeached. S‚Ä¶ https://t.co/HhCODQ7phY
236,@CNN,0.3382,0.0,0.556,0.444,Mon Apr 02 13:10:24 +0000 2018,@ColumbusNeon @CNN Well put!
237,@CNN,-0.296,0.087,0.913,0.0,Mon Apr 02 13:10:23 +0000 2018,RT @CNN: President Trump says there will be no deal with Democrats to legalize thousands of undocumented immigrants brought to the US as ch‚Ä¶
238,@CNN,0.2732,0.061,0.83,0.109,Mon Apr 02 13:10:23 +0000 2018,RT @jptoner50: The real question is....why are networks like @CNN questioning the first amendment rights of the American people. The power‚Ä¶
239,@CNN,0.7667,0.0,0.677,0.323,Mon Apr 02 13:10:22 +0000 2018,"RT @JenMGuerrero: @GeorgeJonesUSA @golfingirl32 @CNN Moreover, since they knew they were granted this special privilege they should have gi‚Ä¶"
240,@CNN,0.8979,0.0,0.647,0.353,Mon Apr 02 13:10:22 +0000 2018,"RT @CNN: Here's how Micheal Brown celebrated his acceptance to Stanford. The 17-year-old from Houston, Texas, applied to 20 of the best uni‚Ä¶"
241,@CNN,0.0,0.0,1.0,0.0,Mon Apr 02 13:10:21 +0000 2018,RT @CNN: He‚Äôs an algebra teacher in Oklahoma. And a bus driver. And a Little League umpire. And he drives for Uber and Lyft. All because he‚Ä¶
242,@CNN,0.0,0.0,1.0,0.0,Mon Apr 02 13:10:20 +0000 2018,RT @CNN: This photographer captures wacky Japanese public toilets https://t.co/LpWvwG0Xl2 via @CNNTravel https://t.co/eNSOcQWpb6
243,@CNN,-0.0516,0.13,0.75,0.12,Mon Apr 02 13:10:19 +0000 2018,@tad_coder @pwscout2 @MillenPolitics @CNN You are a Russian Bot or a Hannity Clone. I take pride in blocking you. https://t.co/aWIJYJvNMR
244,@CNN,0.0,0.0,1.0,0.0,Mon Apr 02 13:10:19 +0000 2018,RT @hazmat50213: @CNN AS compared to Obama who hosted Al Sharpton nearly 100 times in his presidency?
245,@CNN,0.0,0.0,1.0,0.0,Mon Apr 02 13:10:18 +0000 2018,"@CNN Until our federal government have #GunControlNow, this is what we may have to face. Either way, it is not ""Lif‚Ä¶ https://t.co/uuLbwIJS9d"
246,@CNN,-0.7003,0.744,0.256,0.0,Mon Apr 02 13:10:18 +0000 2018,@zampella @CNN No shit
247,@CNN,0.3612,0.0,0.884,0.116,Mon Apr 02 13:10:18 +0000 2018,"RT @JenMGuerrero: @GeorgeJonesUSA @golfingirl32 @CNN I mean they are not children any more, adult enough to file for citizenship like every‚Ä¶"
248,@CNN,0.0,0.0,1.0,0.0,Mon Apr 02 13:10:18 +0000 2018,@eshh85 @safeprison @LillianKaufer @TPurcell20 @Maveric96280578 @CNN  https://t.co/xjyAvQrVsu
249,@CNN,-0.296,0.087,0.913,0.0,Mon Apr 02 13:10:17 +0000 2018,RT @CNN: President Trump says there will be no deal with Democrats to legalize thousands of undocumented immigrants brought to the US as ch‚Ä¶
250,@CNN,-0.5106,0.193,0.807,0.0,Mon Apr 02 13:10:17 +0000 2018,"RT @MillenPolitics: Can‚Äôt rally.
Can‚Äôt kneel.
Can‚Äôt march.
Can‚Äôt boycott.
Can‚Äôt assemble.

What‚Äôs the right way to protest, @CNN? https://t‚Ä¶"
251,@CNN,0.6093,0.12,0.544,0.336,Mon Apr 02 13:10:17 +0000 2018,"@PaulPaulson81 @tejohud5 @CNN ""No one likes you!!!"" 

What are you, like 5? ü§£ https://t.co/ycjZNnR8P9"
252,@CNN,0.3818,0.0,0.88,0.12,Mon Apr 02 13:10:16 +0000 2018,@CNN It's time for Congress to act. Pass a bipartisan bill to protect these residents with a wide enough margin to‚Ä¶ https://t.co/EeCzDMVWxi
253,@CNN,0.0,0.0,1.0,0.0,Mon Apr 02 13:10:16 +0000 2018,"22s GO 
Replying to @cspanwj @CNN
BY MarieTweets @mkues65

"" The next article posted by Cspanwj will be about the D‚Ä¶ https://t.co/07kmbaT5bc"
254,@CNN,0.0,0.0,1.0,0.0,Mon Apr 02 13:10:15 +0000 2018,@CNN Absolutely correct!
255,@CNN,0.0,0.0,1.0,0.0,Mon Apr 02 13:10:12 +0000 2018,"@ProfsrChaos @CNN If he's in Oklahoma he probably doesn't have a union.  They're a ""right to work"" state."
256,@CNN,-0.296,0.155,0.845,0.0,Mon Apr 02 13:10:11 +0000 2018,RT @CNN: The giant panda is no longer an endangered species https://t.co/Tl5tM3Xzbg https://t.co/SaUdIGvLUO
257,@CNN,-0.296,0.155,0.845,0.0,Mon Apr 02 13:10:11 +0000 2018,RT @CNN: The giant panda is no longer an endangered species https://t.co/Tl5tM3Xzbg https://t.co/SaUdIGvLUO
258,@CNN,0.0,0.0,1.0,0.0,Mon Apr 02 13:10:10 +0000 2018,RT @CNN: He‚Äôs an algebra teacher in Oklahoma. And a bus driver. And a Little League umpire. And he drives for Uber and Lyft. All because he‚Ä¶
259,@CNN,0.8979,0.0,0.647,0.353,Mon Apr 02 13:10:09 +0000 2018,"RT @CNN: Here's how Micheal Brown celebrated his acceptance to Stanford. The 17-year-old from Houston, Texas, applied to 20 of the best uni‚Ä¶"
260,@CNN,0.0,0.0,1.0,0.0,Mon Apr 02 13:10:09 +0000 2018,RT @CNN: He‚Äôs a high school algebra teacher in Oklahoma. And a bus driver. And a Little League umpire. And he drives for Uber and Lyft. All‚Ä¶
261,@CNN,0.8979,0.0,0.647,0.353,Mon Apr 02 13:10:09 +0000 2018,"RT @CNN: Here's how Micheal Brown celebrated his acceptance to Stanford. The 17-year-old from Houston, Texas, applied to 20 of the best uni‚Ä¶"
262,@CNN,0.8979,0.0,0.647,0.353,Mon Apr 02 13:10:09 +0000 2018,"RT @CNN: Here's how Micheal Brown celebrated his acceptance to Stanford. The 17-year-old from Houston, Texas, applied to 20 of the best uni‚Ä¶"
263,@CNN,-0.0772,0.228,0.623,0.149,Mon Apr 02 13:10:07 +0000 2018,RT @CNN: A Chinese college student who made no threats but had alarmed a roommate and a friend with his behavior and bought two semiautomat‚Ä¶
264,@CNN,0.0,0.0,1.0,0.0,Mon Apr 02 13:10:07 +0000 2018,"RT @cirstenw: How did @Georgesoros @MMFA @CNN @MSNBC know there was going to be a Shooting 2 months before to Rent the Buses,Hotel and APPL‚Ä¶"
265,@CNN,-0.4019,0.101,0.899,0.0,Mon Apr 02 13:10:07 +0000 2018,"RT @CNN: If you stand inside the world's quietest room for long enough, you start to hear your heartbeat. Then you lose your balance https:‚Ä¶"
266,@CNN,-0.296,0.129,0.792,0.079,Mon Apr 02 13:10:07 +0000 2018,@CNN Talk to your city and state officials for a raise. Then allow for termination due to poor performance.  This w‚Ä¶ https://t.co/04AQSutQJa
267,@CNN,0.0,0.0,1.0,0.0,Mon Apr 02 13:10:07 +0000 2018,@Ottauquechee @JaniceTXBlessed @CNN I actually rarely watch Fox. I get my information from a wide variety of source‚Ä¶ https://t.co/w22HoRKw5r
268,@CNN,0.0,0.0,1.0,0.0,Mon Apr 02 13:10:04 +0000 2018,RT @CNN: He‚Äôs a high school algebra teacher in Oklahoma. And a bus driver. And a Little League umpire. And he drives for Uber and Lyft. All‚Ä¶
269,@CNN,0.2732,0.061,0.83,0.109,Mon Apr 02 13:10:04 +0000 2018,RT @jptoner50: The real question is....why are networks like @CNN questioning the first amendment rights of the American people. The power‚Ä¶
270,@CNN,-0.1943,0.183,0.624,0.192,Mon Apr 02 13:10:03 +0000 2018,RT @Tec_umseh: Why is the WORLD's Largest Terrorist Corporation TAX EXEMPT in the United States @gop @SpeakerRyan @SenateMajLdr @ChuckGrass‚Ä¶
271,@CNN,-0.5423,0.163,0.837,0.0,Mon Apr 02 13:10:03 +0000 2018,"RT @GabLeitao: Let's recap: So far, during #Passover, @KyleKashuv's been harassed by up to 3 so-called adults: @MSNBC non-contributor, alle‚Ä¶"
272,@CNN,0.3612,0.0,0.706,0.294,Mon Apr 02 13:10:03 +0000 2018,@Balerstos @dave_romo @jimmykimmel Sort of like @cnn.
273,@CNN,0.0,0.0,1.0,0.0,Mon Apr 02 13:10:03 +0000 2018,RT @CNN: He‚Äôs a high school algebra teacher in Oklahoma. And a bus driver. And a Little League umpire. And he drives for Uber and Lyft. All‚Ä¶
274,@CNN,0.0,0.0,1.0,0.0,Mon Apr 02 13:10:02 +0000 2018,@NicolleDWallace @allinwithchris  @TheBeatWithAri  @morningmika  @MSNBC @CNN   The media must talk about DACA to pr‚Ä¶ https://t.co/pfTgMsDzb6
275,@CNN,0.0,0.0,1.0,0.0,Mon Apr 02 13:10:01 +0000 2018,"RT @CNN: Retreating from the White House for a three-night stay at his Florida estate, President Trump heard this weekend from a parade of‚Ä¶"
276,@CNN,0.8979,0.0,0.647,0.353,Mon Apr 02 13:10:01 +0000 2018,"RT @CNN: Here's how Micheal Brown celebrated his acceptance to Stanford. The 17-year-old from Houston, Texas, applied to 20 of the best uni‚Ä¶"
277,@CNN,0.0,0.0,1.0,0.0,Mon Apr 02 13:10:00 +0000 2018,RT @CNN: Laura Ingraham will take week-long break from her Fox News show amid a controversy in which more than a dozen advertisers fled aft‚Ä¶
278,@CNN,-0.1027,0.25,0.592,0.158,Mon Apr 02 13:10:00 +0000 2018,@CNN As opposed to all the other ineffective and easily ignored methods?
279,@CNN,-0.2732,0.272,0.578,0.15,Mon Apr 02 13:10:00 +0000 2018,@CNN Stunning you even have to ask such a ridiculous question you all worried?
280,@CNN,-0.6808,0.248,0.752,0.0,Mon Apr 02 13:10:00 +0000 2018,"@CNN For all we know he spends too much, bad financial planning doesn't mean your salary is too low."
281,@CNN,0.0,0.0,1.0,0.0,Mon Apr 02 13:09:59 +0000 2018,@eshh85 @LillianKaufer @TPurcell20 @Maveric96280578 @CNN https://t.co/NSLpVXLH23
282,@CNN,0.0,0.0,1.0,0.0,Mon Apr 02 13:09:59 +0000 2018,@CNN  https://t.co/P332VJFs1p
283,@CNN,0.0,0.0,1.0,0.0,Mon Apr 02 13:09:59 +0000 2018,"RT @CNN: National Rifle Association board member and classic rocker Ted Nugent calls Parkland survivors ""liars"" and ""soulless"" in interview‚Ä¶"
284,@CNN,-0.296,0.155,0.845,0.0,Mon Apr 02 13:09:58 +0000 2018,RT @CNN: The giant panda is no longer an endangered species https://t.co/Tl5tM3Xzbg https://t.co/SaUdIGvLUO
285,@CNN,-0.796,0.403,0.597,0.0,Mon Apr 02 13:09:58 +0000 2018,@CNN Have any of them even ever been to jail? Fuck no. CNN so ignorant.
286,@CNN,0.8979,0.0,0.647,0.353,Mon Apr 02 13:09:58 +0000 2018,"RT @CNN: Here's how Micheal Brown celebrated his acceptance to Stanford. The 17-year-old from Houston, Texas, applied to 20 of the best uni‚Ä¶"
287,@CNN,0.0,0.0,1.0,0.0,Mon Apr 02 13:09:58 +0000 2018,RT @CNN: He‚Äôs a high school algebra teacher in Oklahoma. And a bus driver. And a Little League umpire. And he drives for Uber and Lyft. All‚Ä¶
288,@CNN,-0.4019,0.137,0.863,0.0,Mon Apr 02 13:09:58 +0000 2018,"@KMichaelC2000 @CNN YOUR president is putting EVERYTHING ELSE , including a damn parade, ahead of vets. Wake up. No‚Ä¶ https://t.co/93hnVzFnkH"
289,@CNN,0.0,0.0,1.0,0.0,Mon Apr 02 13:09:58 +0000 2018,RT @CNN: He‚Äôs a high school algebra teacher in Oklahoma. And a bus driver. And a Little League umpire. And he drives for Uber and Lyft. All‚Ä¶
290,@CNN,-0.5106,0.193,0.807,0.0,Mon Apr 02 13:09:58 +0000 2018,"RT @MillenPolitics: Can‚Äôt rally.
Can‚Äôt kneel.
Can‚Äôt march.
Can‚Äôt boycott.
Can‚Äôt assemble.

What‚Äôs the right way to protest, @CNN? https://t‚Ä¶"
291,@CNN,-0.5829,0.193,0.807,0.0,Mon Apr 02 13:09:57 +0000 2018,"@CNN The more guns a gun owners has, is in direct proportion to their Penis Envy, or Little Man Syndrome.  Over com‚Ä¶ https://t.co/IyZvjkCDlk"
292,@CNN,-0.296,0.155,0.845,0.0,Mon Apr 02 13:09:57 +0000 2018,RT @CNN: The giant panda is no longer an endangered species https://t.co/Tl5tM3Xzbg https://t.co/SaUdIGvLUO
293,@CNN,-0.6486,0.346,0.654,0.0,Mon Apr 02 13:09:57 +0000 2018,"@CNN If u need a machine gun to hunt, you suck at it.
#NRA"
294,@CNN,0.0,0.0,1.0,0.0,Mon Apr 02 13:09:56 +0000 2018,"RT @CNN: National Rifle Association board member and classic rocker Ted Nugent calls Parkland survivors ""liars"" and ""soulless"" in interview‚Ä¶"
295,@CNN,-0.0258,0.189,0.63,0.181,Mon Apr 02 13:09:56 +0000 2018,This is #MichaelBrown  @CNN @cnnbrk fix your mistake please. https://t.co/YFgqb4q66w
296,@CNN,0.0,0.0,1.0,0.0,Mon Apr 02 13:09:56 +0000 2018,@jeremycorbyn #NoFlyZoneForAfrin #WolfHunt #AFRIN @realDonaldTrump @SenJohnMcCain @EmmanuelMacron @NancyPelosi‚Ä¶ https://t.co/beMwK8HiOX
297,@CNN,-0.34,0.221,0.779,0.0,Mon Apr 02 13:09:55 +0000 2018,@CNN @jaketapper No. Conservatives will hold the door open for him to leave. Bye
298,@CNN,-0.8268,0.325,0.675,0.0,Mon Apr 02 13:09:55 +0000 2018,@CNN More fake news. We just heard the president say DACA is now dead. As it should be.
299,@CNN,0.0,0.0,1.0,0.0,Mon Apr 02 13:09:52 +0000 2018,@DaveDunndee @RrobertaLleona @CNN  https://t.co/All9LiWACa
300,@FoxNews,-0.2732,0.124,0.797,0.08,Mon Apr 02 13:10:49 +0000 2018,RT @funder: .@FoxNews-It‚Äôs time for you to #FireIngraham. Everyone who retweets this agrees. What she did was wrong &amp; it requires terminati‚Ä¶
301,@FoxNews,0.4588,0.0,0.824,0.176,Mon Apr 02 13:10:49 +0000 2018,@ghstwrtr516 @Fedupmom5 @FoxNews @EricTrump @foxandfriends Obama administration. Not one grand jury. Not one indict‚Ä¶ https://t.co/umMx08LFMN
302,@FoxNews,0.0,0.0,1.0,0.0,Mon Apr 02 13:10:49 +0000 2018,"@FoxNews @PressSec @POTUS @foxandfriends Snowing, April. Unreal https://t.co/MBVtxmEDpl"
303,@FoxNews,0.0,0.0,1.0,0.0,Mon Apr 02 13:10:48 +0000 2018,@realDonaldTrump Why don't you just #resign and let @FoxNews run the country.
304,@FoxNews,0.3818,0.0,0.606,0.394,Mon Apr 02 13:10:48 +0000 2018,"RT @Adjustedwell: Dear @FoxNews

 https://t.co/DcWY9PKmf2"
305,@FoxNews,0.3182,0.0,0.859,0.141,Mon Apr 02 13:10:48 +0000 2018,"RT @PhilMcCrackin44: üîÅ Please RT if you stand with LAURA INGRAHAM 

@FoxNews 
@IngrahamAngle 
#IStandWithLaura 
#UnfollowAnnCoulter 
#Hoggw‚Ä¶"
306,@FoxNews,0.0,0.0,1.0,0.0,Mon Apr 02 13:10:48 +0000 2018,@FoxNews @EricTrump @foxandfriends This ISN‚ÄôT PLEASANTVILLE!
307,@FoxNews,0.624,0.0,0.789,0.211,Mon Apr 02 13:10:48 +0000 2018,RT @FoxNews: .@charliekirk11: ‚ÄúThe new Democrat party is so committed to this militant resistance to the president that they‚Äôre just defyin‚Ä¶
308,@FoxNews,0.0,0.0,1.0,0.0,Mon Apr 02 13:10:48 +0000 2018,RT @ainsleyearhardt: A #snowy #Monday morning in NYC... @FoxNews @foxandfriends https://t.co/O60Fn68Jov
309,@FoxNews,0.016,0.127,0.707,0.166,Mon Apr 02 13:10:46 +0000 2018,"RT @OMGno2trump: OMG, Trump is threatening US jobs and the economy again because he doesn't understand economics.   Dumping NAFTA is like b‚Ä¶"
310,@FoxNews,0.6801,0.0,0.728,0.272,Mon Apr 02 13:10:46 +0000 2018,RT @ainsleyearhardt: My little angel. Our family wishes yours a very Happy #Easter #HeIsRisen #HappyEaster @FoxNews @foxandfriends https://‚Ä¶
311,@FoxNews,0.3182,0.0,0.837,0.163,Mon Apr 02 13:10:46 +0000 2018,"RT @FoxNews: .@POTUS: ""A lot of people are coming in because they want to take advantage of DACA."" https://t.co/JJrAG9L2VD"
312,@FoxNews,-0.4767,0.205,0.795,0.0,Mon Apr 02 13:10:46 +0000 2018,@ImaTrumpBuster @FoxNews @LindseyGrahamSC It‚Äôs because to many people listen to fake news: https://t.co/iOJYIeNjrb
313,@FoxNews,0.7227,0.0,0.704,0.296,Mon Apr 02 13:10:44 +0000 2018,RT @janlascko: @MrTommyCampbell @WillBlackWriter @FoxNews but @realDonaldTrump is afraid to say Happy Passover...
314,@FoxNews,-0.296,0.087,0.913,0.0,Mon Apr 02 13:10:43 +0000 2018,RT @FoxNews: .@PressSec on @POTUS: ‚ÄúHe wanted to see something get done and Democrats refused to actually put something on the table or wor‚Ä¶
315,@FoxNews,0.5963,0.0,0.508,0.492,Mon Apr 02 13:10:43 +0000 2018,@ainsleyearhardt @FoxNews @foxandfriends So sweet!!
316,@FoxNews,0.466,0.0,0.817,0.183,Mon Apr 02 13:10:43 +0000 2018,"@realDonaldTrump Why don't you try not using propaganda news such as @FoxNews for information?

I'm sure as the pre‚Ä¶ https://t.co/LM9wyh1r5W"
317,@FoxNews,-0.8957,0.545,0.455,0.0,Mon Apr 02 13:10:43 +0000 2018,"RT @FoxNews: .@TheRock opens up about depression battle, mom's suicide attempt https://t.co/rSWWTmPy1W"
318,@FoxNews,0.4215,0.0,0.865,0.135,Mon Apr 02 13:10:43 +0000 2018,"RT @ainsleyearhardt: Caravan of immigrants headed to the United States. @dbongino reacts: ""You can't have a country without borders."" @FoxN‚Ä¶"
319,@FoxNews,0.0258,0.112,0.772,0.116,Mon Apr 02 13:10:43 +0000 2018,@StevenPursley9 @FoxNews @LindseyGrahamSC Do you think Putin cares if we spend more money on nuclear weapons he knows we will never use?
320,@FoxNews,0.0276,0.102,0.755,0.143,Mon Apr 02 13:10:42 +0000 2018,"@FoxNews don't you think, just like those that walked out for more gun laws, these kids just want to get out of school?"
321,@FoxNews,0.743,0.0,0.777,0.223,Mon Apr 02 13:10:42 +0000 2018,"RT @FoxNews: Huckabee: ""The greatest single characteristic of people on the far left is they have zero sense of humor. I mean, these are th‚Ä¶"
322,@FoxNews,-0.296,0.087,0.913,0.0,Mon Apr 02 13:10:41 +0000 2018,RT @FoxNews: .@PressSec on @POTUS: ‚ÄúHe wanted to see something get done and Democrats refused to actually put something on the table or wor‚Ä¶
323,@FoxNews,-0.0772,0.091,0.909,0.0,Mon Apr 02 13:10:41 +0000 2018,@FoxNews @PressSec @realDonaldTrump Sorry couldn't  read yiur tweet..it was covered in liberal hypocrisy. https://t.co/ZtaXJZVQGF
324,@FoxNews,-0.4389,0.255,0.617,0.128,Mon Apr 02 13:10:41 +0000 2018,@petefrt @klp821100 @surfermom77 @FoxNews @IngrahamAngle Not good! It offended some of the advertisers? Too bad. Ge‚Ä¶ https://t.co/WTePbji2rr
325,@FoxNews,-0.6841,0.196,0.804,0.0,Mon Apr 02 13:10:41 +0000 2018,RT @neilinozone: NBC'S WAR ON CHRISTIANITY IS MEANT TO ADVANCE IT'S LEFTY (ANTI-CHRISTIAN) AGENDA: NBC Slammed for Pushing Claim Christian‚Ä¶
326,@FoxNews,0.0,0.0,1.0,0.0,Mon Apr 02 13:10:40 +0000 2018,RT @FoxNews: .@EricTrump on @foxandfriends: ‚ÄúPeople have jobs once again‚Ä¶People in this country are happy.‚Äù https://t.co/vcDU3ff5ug
327,@FoxNews,0.0,0.0,1.0,0.0,Mon Apr 02 13:10:40 +0000 2018,RT @NeptuneKnights: @thehill @SenateRPC @RNCLatinos @GOP @SenateGOP @FoxNews #GOPComplicit  @FloridaGOP #Grabembythemidterms #VoteThemOut20‚Ä¶
328,@FoxNews,0.3182,0.0,0.859,0.141,Mon Apr 02 13:10:39 +0000 2018,@MAGANinaJo @overtaxed23 @FoxNews @IngrahamAngle She was toast the minute she apologized. She won't be back.
329,@FoxNews,0.0,0.0,1.0,0.0,Mon Apr 02 13:10:39 +0000 2018,"RT @FoxNews: .@jasoninthehouse on 2020 census: ""The census is going to count everybody. We're having our national debate about DACA, about‚Ä¶"
330,@FoxNews,0.0,0.0,1.0,0.0,Mon Apr 02 13:10:39 +0000 2018,"@FoxNews @AmericaNewsroom @realDonaldTrump It will be quite the scene, but the only choice is to defend the border!‚Ä¶ https://t.co/43KtREQxux"
331,@FoxNews,0.4939,0.0,0.868,0.132,Mon Apr 02 13:10:39 +0000 2018,"RT @FoxNews: .@hogangidley45 on immigration: ‚ÄúIt‚Äôs been out of hand, and that‚Äôs one of the reasons that the president wanted a lasting, lon‚Ä¶"
332,@FoxNews,0.016,0.127,0.707,0.166,Mon Apr 02 13:10:38 +0000 2018,"RT @OMGno2trump: OMG, Trump is threatening US jobs and the economy again because he doesn't understand economics.   Dumping NAFTA is like b‚Ä¶"
333,@FoxNews,0.0,0.0,1.0,0.0,Mon Apr 02 13:10:38 +0000 2018,@Stallone @seanhannity @realDonaldTrump @TuckerCarlson @greggutfeld @FoxNews  https://t.co/RAqXEzyBIU
334,@FoxNews,0.6239,0.0,0.687,0.313,Mon Apr 02 13:10:37 +0000 2018,"@KayaJones @Hello_Murica @AlexoAthletica @FoxNews @nrawomen wow!  I'm impressed......well, maybe not."
335,@FoxNews,0.0,0.0,1.0,0.0,Mon Apr 02 13:10:37 +0000 2018,RT @FoxNews: Ronald D. Vitello: ‚ÄúThere‚Äôs wall under construction right now‚Ä¶ We have plans for much more.‚Äù https://t.co/g68ChOf3S5
336,@FoxNews,-0.296,0.087,0.913,0.0,Mon Apr 02 13:10:37 +0000 2018,RT @FoxNews: .@PressSec on @POTUS: ‚ÄúHe wanted to see something get done and Democrats refused to actually put something on the table or wor‚Ä¶
337,@FoxNews,0.128,0.363,0.22,0.418,Mon Apr 02 13:10:36 +0000 2018,@FoxNews Wow that‚Äôs dumb
338,@FoxNews,-0.296,0.087,0.913,0.0,Mon Apr 02 13:10:36 +0000 2018,RT @FoxNews: .@PressSec on @POTUS: ‚ÄúHe wanted to see something get done and Democrats refused to actually put something on the table or wor‚Ä¶
339,@FoxNews,0.0,0.0,1.0,0.0,Mon Apr 02 13:10:36 +0000 2018,@FoxNews @seanhannity @realDonaldTrump https://t.co/a4MR27Ctfi
340,@FoxNews,-0.6808,0.213,0.787,0.0,Mon Apr 02 13:10:34 +0000 2018,RT @FoxNews: 'How In the Hell' Didn't He Know?: @marklevinshow Rips @BarackObama Over 'Unmasking' of Trump Officials https://t.co/YppqNe3Op0
341,@FoxNews,-0.4374,0.208,0.792,0.0,Mon Apr 02 13:10:34 +0000 2018,"RT @OliverMcGee: Big Bogg Boycott is Backfiring! #StandWithLauraIngraham Retweet!

https://t.co/wUuIIahVdy

#StandWithLaura #IStandWithLaur‚Ä¶"
342,@FoxNews,-0.3612,0.303,0.545,0.152,Mon Apr 02 13:10:33 +0000 2018,@real_edzome @joelconnelly @FoxNews So I'm being called disgusting to soothe Huckabee's anxieties
343,@FoxNews,-0.4215,0.128,0.872,0.0,Mon Apr 02 13:10:33 +0000 2018,@FoxNews @PressSec @POTUS @foxandfriends You can tell it's Monday. Missy Piggy is spewing her lies right out of the‚Ä¶ https://t.co/PCWoFXEmKe
344,@FoxNews,-0.2263,0.137,0.863,0.0,Mon Apr 02 13:10:32 +0000 2018,@SandiRyan115 @ainsleyearhardt @dbongino @FoxNews @foxandfriends @realDonaldTrump @DHSgov Don‚Äôt forget the Hamas an‚Ä¶ https://t.co/IAfeZFVLIV
345,@FoxNews,0.4019,0.0,0.787,0.213,Mon Apr 02 13:10:32 +0000 2018,@SSRob44 @OMGno2trump @FoxNews I wish they hadn't been allowed to do that.
346,@FoxNews,0.0,0.0,1.0,0.0,Mon Apr 02 13:10:31 +0000 2018,"@calewmangold @FoxNews @TheRock That's his flesh and blood. The woman who gave birth to him and raised him. 
If it‚Ä¶ https://t.co/HW0hVku2ah"
347,@FoxNews,0.5815,0.0,0.799,0.201,Mon Apr 02 13:10:30 +0000 2018,@FoxNews @BradSherman He‚Äôs full of üí© president‚Äôs job is to protect American people first and foremost!!!!    ( PERIOD )
348,@FoxNews,-0.5307,0.176,0.824,0.0,Mon Apr 02 13:10:30 +0000 2018,@ainsleyearhardt @dbongino @FoxNews @foxandfriends TEXAS LAND OWNERS NEED TO SHOOT AT THEM CROSSING THEIR LANDS !TH‚Ä¶ https://t.co/PnAlPBL35f
349,@FoxNews,0.0,0.0,1.0,0.0,Mon Apr 02 13:10:30 +0000 2018,"RT @gray34758: @FoxNews , @cnnbrk , @MSNBC, @CBSNews , @NBCNews , @ABC why isn't anyone following this? These guys had control of everythin‚Ä¶"
350,@FoxNews,-0.25,0.118,0.882,0.0,Mon Apr 02 13:10:27 +0000 2018,RT @CardinalIda: @MrTommyCampbell @FoxNews is just another word for propaganda. Looked it up in my #TrumpDictionary.
351,@FoxNews,-0.4939,0.174,0.826,0.0,Mon Apr 02 13:10:26 +0000 2018,"@Adjustedwell @FoxNews Except I cut off Fox News the same time I cut off ESPN and the rest of the ""news channels"" a‚Ä¶ https://t.co/ec94ehFSX8"
352,@FoxNews,0.4753,0.0,0.829,0.171,Mon Apr 02 13:10:25 +0000 2018,@FoxNews @LindseyGrahamSC The issue is a corrupt deep state government &amp; news media in the United States!
353,@FoxNews,0.016,0.127,0.707,0.166,Mon Apr 02 13:10:24 +0000 2018,"RT @OMGno2trump: OMG, Trump is threatening US jobs and the economy again because he doesn't understand economics.   Dumping NAFTA is like b‚Ä¶"
354,@FoxNews,-0.8074,0.343,0.657,0.0,Mon Apr 02 13:10:24 +0000 2018,"RT @FoxNews: Ella Fitzgerald and Marilyn Monroe bonded after suffering from abusive childhoods, book claims https://t.co/xpnB9xFsQE"
355,@FoxNews,-0.628,0.407,0.593,0.0,Mon Apr 02 13:10:23 +0000 2018,"@realDonaldTrump @FLOTUS  @FoxNews 

POOR BARRON!

ü§£ü§£ü§£ü§£ü§£ü§£ü§£ü§£ü§£ü§£ü§£ü§£ https://t.co/h064RHmv3O"
356,@FoxNews,-0.6808,0.204,0.796,0.0,Mon Apr 02 13:10:23 +0000 2018,"@FoxNews Who the hell made these kids untouchable?  When you run with the big dogs, you might get bitten."
357,@FoxNews,-0.119,0.206,0.562,0.231,Mon Apr 02 13:10:22 +0000 2018,"RT @FoxNews: Cancer experts say coffee is safe, despite California's new warning label requirement https://t.co/vyDXsVcKJ8"
358,@FoxNews,-0.6798,0.223,0.777,0.0,Mon Apr 02 13:10:21 +0000 2018,@The_UnSilent_ @realDonaldTrump @s8n @FoxNews Not only the 'dumbest' person but also the most dangerous rapidly decompensating psychotic.
359,@FoxNews,-0.296,0.095,0.905,0.0,Mon Apr 02 13:10:21 +0000 2018,"RT @FoxNews: .@LindseyGrahamSC: ""The reason that North Korea is at the table is that this maximum pressure campaign against North Korea lau‚Ä¶"
360,@FoxNews,0.8777,0.0,0.598,0.402,Mon Apr 02 13:10:21 +0000 2018,@WilliamByron Good Morning! Nice seeing you on @AmericaNewsroom w/ @BillHemmer Great job with the @dcexaminer and i‚Ä¶ https://t.co/LhBL1Q40mV
361,@FoxNews,-0.2732,0.124,0.797,0.08,Mon Apr 02 13:10:20 +0000 2018,RT @funder: .@FoxNews-It‚Äôs time for you to #FireIngraham. Everyone who retweets this agrees. What she did was wrong &amp; it requires terminati‚Ä¶
362,@FoxNews,0.743,0.0,0.777,0.223,Mon Apr 02 13:10:20 +0000 2018,"RT @FoxNews: Huckabee: ""The greatest single characteristic of people on the far left is they have zero sense of humor. I mean, these are th‚Ä¶"
363,@FoxNews,0.1531,0.0,0.926,0.074,Mon Apr 02 13:10:19 +0000 2018,"RT @FoxNews: ""It's the people that I'll miss.""

Arizona trooper gives emotional radio call to mark end of 37-year career https://t.co/4NDaU‚Ä¶"
364,@FoxNews,-0.4956,0.155,0.845,0.0,Mon Apr 02 13:10:19 +0000 2018,RT @FoxNews: Brother of Florida shooting victim says he was shut out of March for Our Lives because speech 'didn't fit into the agenda' htt‚Ä¶
365,@FoxNews,0.0,0.0,1.0,0.0,Mon Apr 02 13:10:18 +0000 2018,@YMimmo @The_UnSilent_ @realDonaldTrump @s8n @FoxNews Oh look.. another #FakeChristian who mentions Jesus as she ha‚Ä¶ https://t.co/FhnFpoYWL4
366,@FoxNews,0.7164,0.0,0.74,0.26,Mon Apr 02 13:10:18 +0000 2018,"RT @drichardson6619: Totally agree with this! 
@GOP @SenateGOP @HouseGOP 
Do your job and protect our people! 

@OANN @FoxNews @seanhannity‚Ä¶"
367,@FoxNews,0.467,0.168,0.52,0.312,Mon Apr 02 13:10:17 +0000 2018,"@DonaldH55572328 @FoxNews @spanglesvi LOL. Yeah, that‚Äôs why the US has so few homicides!!! Idiot."
368,@FoxNews,-0.296,0.087,0.913,0.0,Mon Apr 02 13:10:17 +0000 2018,RT @FoxNews: .@PressSec on @POTUS: ‚ÄúHe wanted to see something get done and Democrats refused to actually put something on the table or wor‚Ä¶
369,@FoxNews,0.0,0.0,1.0,0.0,Mon Apr 02 13:10:17 +0000 2018,@FoxNews @POTUS Are they bringing a time machine with them?
370,@FoxNews,0.0,0.0,1.0,0.0,Mon Apr 02 13:10:16 +0000 2018,RT @FoxNews: 'America's Never Been Great': Student Records Teacher Saying #Trump 'MAGA' Slogan Trying to Bring Back Segregation https://t.c‚Ä¶
371,@FoxNews,0.0,0.0,1.0,0.0,Mon Apr 02 13:10:16 +0000 2018,@FoxNews Did they honk?
372,@FoxNews,0.0,0.0,1.0,0.0,Mon Apr 02 13:10:14 +0000 2018,RT @Fedupmom5: @FoxNews @EricTrump @foxandfriends  https://t.co/nmPgvxF4NZ
373,@FoxNews,0.0,0.0,1.0,0.0,Mon Apr 02 13:10:14 +0000 2018,@thehill @SenateRPC @RNCLatinos @GOP @SenateGOP @FoxNews #GOPComplicit  @FloridaGOP #Grabembythemidterms‚Ä¶ https://t.co/46Gwnr0OJD
374,@FoxNews,0.4912,0.086,0.743,0.171,Mon Apr 02 13:10:14 +0000 2018,RT @RealDrGina: No wonder the Democrats are running on pro-@realdonaldtrump agenda! He is the winningest President ever! Dems can‚Äôt win any‚Ä¶
375,@FoxNews,-0.5267,0.159,0.841,0.0,Mon Apr 02 13:10:14 +0000 2018,@realDonaldTrump spent the the weekend with @FoxNews news.  Today he is either lying or doesn‚Äôt understand DACA. DA‚Ä¶ https://t.co/WXhXq20JKD
376,@FoxNews,0.0,0.0,1.0,0.0,Mon Apr 02 13:10:14 +0000 2018,@drkerem @Noor_and_Alaa @RedCrescentTR @UNReliefChief @POTUS @Pontifex_it @jeremycorbyn @WhiteHouse‚Ä¶ https://t.co/JUaUXpaPg1
377,@FoxNews,0.624,0.0,0.789,0.211,Mon Apr 02 13:10:14 +0000 2018,RT @FoxNews: .@charliekirk11: ‚ÄúThe new Democrat party is so committed to this militant resistance to the president that they‚Äôre just defyin‚Ä¶
378,@FoxNews,-0.5267,0.167,0.833,0.0,Mon Apr 02 13:10:13 +0000 2018,@FoxNews @PressSec @POTUS @foxandfriends I guess you can resume lying to the American people now that Easter is over.
379,@FoxNews,0.3818,0.0,0.874,0.126,Mon Apr 02 13:10:13 +0000 2018,"RT @CaliDeplorable: Read....Hot findüëáüèΩüëáüèΩüëáüèΩ 
@FoxNews shouldn‚Äôt have any issue with what @IngrahamAngle said. 
She should be capable of expr‚Ä¶"
380,@FoxNews,-0.5994,0.17,0.83,0.0,Mon Apr 02 13:10:13 +0000 2018,RT @thebigotbasher: @FoxNews @PressSec @realDonaldTrump The Dotard forgot about agriculture when he went his war on steel/ He'd not fightin‚Ä¶
381,@FoxNews,-0.5719,0.281,0.719,0.0,Mon Apr 02 13:10:11 +0000 2018,@GGovic @juliecarveth @FoxNews @LindseyGrahamSC American controlled media is just as fake and censored: https://t.co/iOJYIeNjrb
382,@FoxNews,0.743,0.0,0.777,0.223,Mon Apr 02 13:10:11 +0000 2018,"RT @FoxNews: Huckabee: ""The greatest single characteristic of people on the far left is they have zero sense of humor. I mean, these are th‚Ä¶"
383,@FoxNews,-0.3818,0.12,0.88,0.0,Mon Apr 02 13:10:11 +0000 2018,RT @FoxNews: .@PressSec: ‚Äú[President @realDonaldTrump is] going to stand up and he‚Äôs going to fight for the American worker.‚Äù https://t.co/‚Ä¶
384,@FoxNews,0.0,0.0,1.0,0.0,Mon Apr 02 13:10:10 +0000 2018,@realDonaldTrump @FoxNews You will be impeached
385,@FoxNews,-0.6705,0.245,0.619,0.136,Mon Apr 02 13:10:09 +0000 2018,@FoxNews Bull shit. It is an invasion. Where do we go to escape the conquerors? We are dead. You help them and not‚Ä¶ https://t.co/GIR9wv16Iu
386,@FoxNews,0.8614,0.0,0.636,0.364,Mon Apr 02 13:10:08 +0000 2018,@FoxNews @EricTrump @foxandfriends The Trumps are happy &amp; Putin is happy; everyone else has hair on fire!!!!
387,@FoxNews,-0.4019,0.172,0.828,0.0,Mon Apr 02 13:10:08 +0000 2018,@kayleencaulfiel @BryanJLevek @FoxNews @PressSec @POTUS @foxandfriends Everything is POTUS's fault because the Dems‚Ä¶ https://t.co/cGx3Mo3dUh
388,@FoxNews,-0.296,0.087,0.913,0.0,Mon Apr 02 13:10:08 +0000 2018,RT @FoxNews: .@PressSec on @POTUS: ‚ÄúHe wanted to see something get done and Democrats refused to actually put something on the table or wor‚Ä¶
389,@FoxNews,0.0,0.0,1.0,0.0,Mon Apr 02 13:10:08 +0000 2018,RT @FoxNews: .@EricTrump on @foxandfriends: ‚ÄúPeople have jobs once again‚Ä¶People in this country are happy.‚Äù https://t.co/vcDU3ff5ug
390,@FoxNews,-0.6249,0.215,0.785,0.0,Mon Apr 02 13:10:08 +0000 2018,@LindseyGrahamSC says pulling out of #Syria ‚Äòthe single worst decision‚Äô @realDonaldTrump could make WATCH: @foxnews‚Ä¶ https://t.co/OMRD6FtgH1
391,@FoxNews,0.0,0.0,1.0,0.0,Mon Apr 02 13:10:06 +0000 2018,RT @FoxNews: .@EricTrump on @foxandfriends: ‚ÄúPeople have jobs once again‚Ä¶People in this country are happy.‚Äù https://t.co/vcDU3ff5ug
392,@FoxNews,0.0,0.0,1.0,0.0,Mon Apr 02 13:10:06 +0000 2018,@FoxNews @charliekirk11 DEMS are opposing Trump's untruths to the public about everything. They have to because he‚Ä¶ https://t.co/pPtOeljgA8
393,@FoxNews,-0.296,0.087,0.913,0.0,Mon Apr 02 13:10:06 +0000 2018,RT @FoxNews: .@PressSec on @POTUS: ‚ÄúHe wanted to see something get done and Democrats refused to actually put something on the table or wor‚Ä¶
394,@FoxNews,0.3164,0.0,0.797,0.203,Mon Apr 02 13:10:05 +0000 2018,@FoxNews @charliekirk11 @POTUS America is becoming the dream again! #TRUMP2020
395,@FoxNews,-0.296,0.087,0.913,0.0,Mon Apr 02 13:10:05 +0000 2018,RT @FoxNews: .@PressSec on @POTUS: ‚ÄúHe wanted to see something get done and Democrats refused to actually put something on the table or wor‚Ä¶
396,@FoxNews,0.4215,0.0,0.865,0.135,Mon Apr 02 13:10:03 +0000 2018,"RT @ainsleyearhardt: Caravan of immigrants headed to the United States. @dbongino reacts: ""You can't have a country without borders."" @FoxN‚Ä¶"
397,@FoxNews,0.0,0.0,1.0,0.0,Mon Apr 02 13:10:02 +0000 2018,RT @NavySailor_75: @FoxNews @EricTrump @foxandfriends Why can't you hire Americans for trump golf courses and wineries? https://t.co/pxg00T‚Ä¶
398,@FoxNews,0.0,0.0,1.0,0.0,Mon Apr 02 13:10:01 +0000 2018,@FoxNews I‚Äôm with you!!
399,@FoxNews,0.7164,0.0,0.74,0.26,Mon Apr 02 13:10:01 +0000 2018,"RT @drichardson6619: Totally agree with this! 
@GOP @SenateGOP @HouseGOP 
Do your job and protect our people! 

@OANN @FoxNews @seanhannity‚Ä¶"
400,@nytimes,0.0,0.0,1.0,0.0,Mon Apr 02 13:10:50 +0000 2018,RT @Jeffinerca: Decomposition: An Easter Story   via @NYTimes https://t.co/uWFOzC9Akw
401,@nytimes,0.0,0.0,1.0,0.0,Mon Apr 02 13:10:49 +0000 2018,RT @nytimes: China just hit back at President Trump‚Äôs tariffs on steel and aluminum. The country placed tariffs on pork and 127 other U.S.‚Ä¶
402,@nytimes,0.0,0.0,1.0,0.0,Mon Apr 02 13:10:45 +0000 2018,RT @nytimes: China just hit back at President Trump‚Äôs tariffs on steel and aluminum. The country placed tariffs on pork and 127 other U.S.‚Ä¶
403,@nytimes,0.1531,0.078,0.82,0.102,Mon Apr 02 13:10:42 +0000 2018,"RT @nytimes: A 77-year-old who owns an estimated 75 guns: ""It'll go away. Like all the other times.""
A 17-year-old who protests: ""They‚Äôre l‚Ä¶"
404,@nytimes,0.0,0.0,1.0,0.0,Mon Apr 02 13:10:42 +0000 2018,"RT @USMForum: On April 10, @nytimes human rights reporter @NickKristof speaks at @SouthernMiss. Pulitzer-winner Kristof will talk about sex‚Ä¶"
405,@nytimes,-0.8342,0.425,0.575,0.0,Mon Apr 02 13:10:41 +0000 2018,@DkmGrp @nytimes It is horribly scary and real. The cult will never be convinced though.
406,@nytimes,0.0,0.0,1.0,0.0,Mon Apr 02 13:10:40 +0000 2018,RT @nytimes: Why Sinclair made dozens of local TV news anchors recite the same script https://t.co/c0rMxKmTLy
407,@nytimes,0.0,0.0,1.0,0.0,Mon Apr 02 13:10:40 +0000 2018,RT @nytimes: China just hit back at President Trump‚Äôs tariffs on steel and aluminum. The country placed tariffs on pork and 127 other U.S.‚Ä¶
408,@nytimes,0.0,0.0,1.0,0.0,Mon Apr 02 13:10:40 +0000 2018,@realDonaldTrump #Trump @nytimes @CNNPolitics @ABCNews @huffingtonpost @HillaryClinton #HillaryClinton  . Way to go‚Ä¶ https://t.co/9TWpBEFtyh
409,@nytimes,0.0,0.0,1.0,0.0,Mon Apr 02 13:10:36 +0000 2018,RT @nytimes: China just hit back at President Trump‚Äôs tariffs on steel and aluminum. The country placed tariffs on pork and 127 other U.S.‚Ä¶
410,@nytimes,0.4404,0.0,0.884,0.116,Mon Apr 02 13:10:35 +0000 2018,"@nytimes Good now the price of pork will go down here in this country, beacause we can't sell to China with these tariffs."
411,@nytimes,0.0,0.0,1.0,0.0,Mon Apr 02 13:10:33 +0000 2018,The Kushners Saw Redemption in the White House. It Was a Mirage.   via @NYTimes https://t.co/0zMGi8u3FF
412,@nytimes,0.4926,0.0,0.814,0.186,Mon Apr 02 13:10:33 +0000 2018,"@nytimes it was Easy for me and my firm to ditch it.

Just do it!"
413,@nytimes,0.0,0.0,1.0,0.0,Mon Apr 02 13:10:32 +0000 2018,RT @nytimes: China just hit back at President Trump‚Äôs tariffs on steel and aluminum. The country placed tariffs on pork and 127 other U.S.‚Ä¶
414,@nytimes,0.0516,0.0,0.915,0.085,Mon Apr 02 13:10:31 +0000 2018,North Korea Issues Rare Apology Over Media Access to K-Pop Show   via @NYTimes https://t.co/RRDpnZ2v94
415,@nytimes,-0.5859,0.167,0.833,0.0,Mon Apr 02 13:10:27 +0000 2018,RT @nytimes: British officials investigating the poisoning of a former Russian spy believe it's likely that an assassin smeared a nerve age‚Ä¶
416,@nytimes,0.0,0.0,1.0,0.0,Mon Apr 02 13:10:26 +0000 2018,RT @nytimes: China just hit back at President Trump‚Äôs tariffs on steel and aluminum. The country placed tariffs on pork and 127 other U.S.‚Ä¶
417,@nytimes,0.8402,0.0,0.654,0.346,Mon Apr 02 13:10:26 +0000 2018,"@linkipod @nytimes You are the pride &amp; joy and true representative for your people... the Poorly Educated.
Have you‚Ä¶ https://t.co/aKCfWFJMTq"
418,@nytimes,-0.4939,0.167,0.833,0.0,Mon Apr 02 13:10:24 +0000 2018,@nytimes #2Stupid4Me. 77 y/o moron. Silver lining: he is 77.  Average life expectancy for a white male 79.
419,@nytimes,0.34,0.0,0.848,0.152,Mon Apr 02 13:10:22 +0000 2018,@linkipod @nytimes Well you might want to look up how many of America businesses are owned by foreign countries and‚Ä¶ https://t.co/DwS1QMGYfH
420,@nytimes,-0.4767,0.256,0.744,0.0,Mon Apr 02 13:10:21 +0000 2018,"@linkipod @nytimes Hey Russia, this bot‚Äôs grammar algorithms are broken."
421,@nytimes,0.5688,0.0,0.521,0.479,Mon Apr 02 13:10:19 +0000 2018,@nytimes @jaketapper So much winning.
422,@nytimes,0.0,0.0,1.0,0.0,Mon Apr 02 13:10:16 +0000 2018,@nytimes Meanwhile Trump products are still made in China.
423,@nytimes,0.5719,0.0,0.812,0.188,Mon Apr 02 13:10:16 +0000 2018,Headlines yesterday -GOP running against @HillaryClinton again.  Just think how happy the MSM will be. @JoeNBC‚Ä¶ https://t.co/kQWA2Cq7PB
424,@nytimes,0.0,0.0,1.0,0.0,Mon Apr 02 13:10:15 +0000 2018,RT @nytimes: China just hit back at President Trump‚Äôs tariffs on steel and aluminum. The country placed tariffs on pork and 127 other U.S.‚Ä¶
425,@nytimes,0.0,0.0,1.0,0.0,Mon Apr 02 13:10:15 +0000 2018,RT @jishnug1121: How Does CryptoCurrency Work: All the Basics You Need to Know [Video]... https://t.co/uUnNX3pu1x Via @nytimes #bitcoin #li‚Ä¶
426,@nytimes,0.7783,0.0,0.719,0.281,Mon Apr 02 13:10:14 +0000 2018,@nytimes China has some balls.  We have been easy and gracious on them for YEARS and now that we want equality and‚Ä¶ https://t.co/4hsyQNjSeF
427,@nytimes,0.1531,0.078,0.82,0.102,Mon Apr 02 13:10:14 +0000 2018,"RT @nytimes: A 77-year-old who owns an estimated 75 guns: ""It'll go away. Like all the other times.""
A 17-year-old who protests: ""They‚Äôre l‚Ä¶"
428,@nytimes,0.0,0.0,1.0,0.0,Mon Apr 02 13:10:14 +0000 2018,@drkerem @Noor_and_Alaa @RedCrescentTR @UNReliefChief @POTUS @Pontifex_it @jeremycorbyn @WhiteHouse‚Ä¶ https://t.co/JUaUXpaPg1
429,@nytimes,-0.3612,0.143,0.857,0.0,Mon Apr 02 13:10:13 +0000 2018,"@Ty_Webb69 @nytimes So keep going on the same path, keep getting farther in debt, sounds logical"
430,@nytimes,-0.5106,0.202,0.798,0.0,Mon Apr 02 13:10:12 +0000 2018,"RT @Mondoweiss: A case study in how the @nytimes helped justify Israeli snipers opening fire on nonviolent Palestinian protesters.

https:/‚Ä¶"
431,@nytimes,0.0,0.0,1.0,0.0,Mon Apr 02 13:10:10 +0000 2018,"@Abbas100 @aaronjmate @nytimes .@Abbas100 Name-calling and slinging around the word ‚ÄòZionist,‚Äô  AS IF it‚Äôs a swear‚Ä¶ https://t.co/XwN6IPsU9s"
432,@nytimes,0.0,0.0,1.0,0.0,Mon Apr 02 13:10:09 +0000 2018,@nytimes Why don‚Äôt you talk about instead how Trump coincidentally invited Tiffany to Easter gathering probably to‚Ä¶ https://t.co/RV11bfZQCU
433,@nytimes,0.0,0.0,1.0,0.0,Mon Apr 02 13:10:08 +0000 2018,RT @TOMASHROLDAN: @XBescos @RaphaelMinder @nytimes @KRLS  https://t.co/PHqJBmtTLE
434,@nytimes,-0.5267,0.198,0.736,0.066,Mon Apr 02 13:10:08 +0000 2018,"RT @nytimes: People are increasingly calling for boycotts of the big tech companies. The problem is that Facebook, Apple, Amazon and Google‚Ä¶"
435,@nytimes,-0.3875,0.107,0.893,0.0,Mon Apr 02 13:10:07 +0000 2018,What‚Äôs not to enjoy in this @nytimes story about the influence HAL has had on modern #AI voice agents and how a sli‚Ä¶ https://t.co/DA0sOe8ANv
436,@nytimes,0.3804,0.0,0.861,0.139,Mon Apr 02 13:10:05 +0000 2018,How Giancarlo Stanton Let Go of ‚ÄòMike‚Äô and Embraced Who He Is   via @NYTimes very cool https://t.co/cDhpxUDQdU
437,@nytimes,-0.296,0.167,0.833,0.0,Mon Apr 02 13:10:04 +0000 2018,"@Charcutero @nytimes Why does times not report the whole story? Manipulation.
https://t.co/pFrmgxhCA7"
438,@nytimes,-0.6908,0.19,0.81,0.0,Mon Apr 02 13:10:03 +0000 2018,"RT @stephenkinzer: Here's my @nytimes obituary for Gen. Rios Montt, whose murder campaign I watched in #Guatemala in the 80s.  Reagan loved‚Ä¶"
439,@nytimes,-0.34,0.112,0.888,0.0,Mon Apr 02 13:10:02 +0000 2018,"RT @XBescos: ""Arrest of Catalan Leader Tests Spain, Separatists and E.U."" @RaphaelMinder @nytimes 
If Puigdemont @KRLS is returned to Spain‚Ä¶"
440,@nytimes,0.0,0.0,1.0,0.0,Mon Apr 02 13:10:02 +0000 2018,@hypatia264 @nytimes This is a tariff on goods China imports from the us and wouldn‚Äôt have direct effect on consume‚Ä¶ https://t.co/OmQeDm6zdy
441,@nytimes,0.0,0.0,1.0,0.0,Mon Apr 02 13:09:57 +0000 2018,RT @nytimes: China just hit back at President Trump‚Äôs tariffs on steel and aluminum. The country placed tariffs on pork and 127 other U.S.‚Ä¶
442,@nytimes,0.0772,0.0,0.939,0.061,Mon Apr 02 13:09:56 +0000 2018,"@AlMillerMan @123tijn @nytimes The fact is that you just want to own something just because you do. As for hunting,‚Ä¶ https://t.co/7qcTawDY7N"
443,@nytimes,-0.3412,0.156,0.844,0.0,Mon Apr 02 13:09:54 +0000 2018,"@TheFakeNed @nytimes @jaketapper I need to use your emojis. But, I am not that bright ...."
444,@nytimes,-0.5267,0.198,0.736,0.066,Mon Apr 02 13:09:52 +0000 2018,"RT @nytimes: People are increasingly calling for boycotts of the big tech companies. The problem is that Facebook, Apple, Amazon and Google‚Ä¶"
445,@nytimes,0.7096,0.049,0.732,0.22,Mon Apr 02 13:09:52 +0000 2018,RT @nytimes: Kim Jong-un attended a K-pop concert. He clapped. He smiled. He even shook hands with members of the popular girl group Red Ve‚Ä¶
446,@nytimes,0.3612,0.0,0.894,0.106,Mon Apr 02 13:09:48 +0000 2018,"RT @nytimes: A 77-year-old who owns an estimated 75 guns: ""It'll go away. Like all the other times.""
A 17-year-old: ""They‚Äôre looking for us‚Ä¶"
447,@nytimes,-0.4168,0.117,0.883,0.0,Mon Apr 02 13:09:48 +0000 2018,RT @JennySRP: History will not be kind to those in medicine sweeping ME/CFS under the psychosomatic rug. This is a real neuro-immune illnes‚Ä¶
448,@nytimes,0.0,0.0,1.0,0.0,Mon Apr 02 13:09:48 +0000 2018,@nytimes I remember the last time something was 'too big to fail'.
449,@nytimes,-0.2263,0.275,0.725,0.0,Mon Apr 02 13:09:47 +0000 2018,@nytimes I'm all for screwing Session
450,@nytimes,-0.5994,0.196,0.804,0.0,Mon Apr 02 13:09:46 +0000 2018,@azon1ps @nytimes We‚Äôve always spelled counsil with an ‚Äúi‚Äù and we‚Äôve always been at war with EastAsia
451,@nytimes,0.0,0.0,1.0,0.0,Mon Apr 02 13:09:44 +0000 2018,RT @nytimes: Why Sinclair made dozens of local TV news anchors recite the same script https://t.co/c0rMxKmTLy
452,@nytimes,0.0,0.0,1.0,0.0,Mon Apr 02 13:09:42 +0000 2018,RT @nytimes: Why Sinclair made dozens of local TV news anchors recite the same script https://t.co/c0rMxKmTLy
453,@nytimes,-0.34,0.112,0.888,0.0,Mon Apr 02 13:09:42 +0000 2018,"RT @XBescos: ""Arrest of Catalan Leader Tests Spain, Separatists and E.U."" @RaphaelMinder @nytimes 
If Puigdemont @KRLS is returned to Spain‚Ä¶"
454,@nytimes,-0.1546,0.095,0.833,0.071,Mon Apr 02 13:09:39 +0000 2018,"RT @MinkysHighjinks: ‚ÄúUnraveling a police state is never easy, and just how fraught the process can be has been playing out in a basement c‚Ä¶"
455,@nytimes,0.2023,0.193,0.547,0.259,Mon Apr 02 13:09:38 +0000 2018,"RT @Unbeelievable: Doctors explain why a healthy immune system is crucial for helping ward off colds, flu &amp; illness @nytimes https://t.co/t‚Ä¶"
456,@nytimes,-0.4588,0.224,0.662,0.114,Mon Apr 02 13:09:37 +0000 2018,RT @nytimes: The Compton Cowboys are 10 friends on a mission to combat negative stereotypes about African-Americans and the city of Compton‚Ä¶
457,@nytimes,-0.1546,0.095,0.833,0.071,Mon Apr 02 13:09:37 +0000 2018,"RT @MinkysHighjinks: ‚ÄúUnraveling a police state is never easy, and just how fraught the process can be has been playing out in a basement c‚Ä¶"
458,@nytimes,0.0,0.0,1.0,0.0,Mon Apr 02 13:09:34 +0000 2018,RT @nytimes: Why Sinclair made dozens of local TV news anchors recite the same script https://t.co/c0rMxKmTLy
459,@nytimes,0.0,0.0,1.0,0.0,Mon Apr 02 13:09:33 +0000 2018,RT @nytimes: China just hit back at President Trump‚Äôs tariffs on steel and aluminum. The country placed tariffs on pork and 127 other U.S.‚Ä¶
460,@nytimes,0.0772,0.0,0.944,0.056,Mon Apr 02 13:09:33 +0000 2018,"@nytimes Old lady, you are going to go away before these kids go away. You might want to rethink that strategy. The‚Ä¶ https://t.co/5dRzlUGUDH"
461,@nytimes,0.0,0.0,1.0,0.0,Mon Apr 02 13:09:31 +0000 2018,"Many Americans Try Retirement, Then Change Their Minds, via @nytimes https://t.co/a0GGfx2Wkm"
462,@nytimes,-0.6908,0.19,0.81,0.0,Mon Apr 02 13:09:29 +0000 2018,"RT @stephenkinzer: Here's my @nytimes obituary for Gen. Rios Montt, whose murder campaign I watched in #Guatemala in the 80s.  Reagan loved‚Ä¶"
463,@nytimes,-0.743,0.231,0.769,0.0,Mon Apr 02 13:09:28 +0000 2018,RT @nytimes: Jared Kushner wants to overhaul the prison system. Jeff Sessions bitterly opposes such a move. That has set the scene for a hi‚Ä¶
464,@nytimes,0.0,0.0,1.0,0.0,Mon Apr 02 13:09:26 +0000 2018,RT @nytimes: China just hit back at President Trump‚Äôs tariffs on steel and aluminum. The country placed tariffs on pork and 127 other U.S.‚Ä¶
465,@nytimes,0.2732,0.0,0.851,0.149,Mon Apr 02 13:09:25 +0000 2018,"@nytimes Well they would, wouldn‚Äôt they. @PorkyAndBestcom PorkyAndBestcom It‚Äôs the guaranteed response. https://t.co/9GArVkHrml"
466,@nytimes,-0.5267,0.198,0.736,0.066,Mon Apr 02 13:09:24 +0000 2018,"RT @nytimes: People are increasingly calling for boycotts of the big tech companies. The problem is that Facebook, Apple, Amazon and Google‚Ä¶"
467,@nytimes,0.0,0.0,1.0,0.0,Mon Apr 02 13:09:23 +0000 2018,@kevinclennon @nytimes @stephenfhayes  https://t.co/OIZ7xYbu2w
468,@nytimes,0.0,0.0,1.0,0.0,Mon Apr 02 13:09:22 +0000 2018,@funder @nytimes @TeaPainUSA @B_Sanders2020
469,@nytimes,0.0,0.0,1.0,0.0,Mon Apr 02 13:09:22 +0000 2018,"RT @nytimes: ""They can pin them on to their shirt collar or bra strap and lean over and take a hit every now and then, and who‚Äôs to know?""‚Ä¶"
470,@nytimes,0.4019,0.0,0.856,0.144,Mon Apr 02 13:09:22 +0000 2018,"@wharrrgarrbl @TylerBlackwell4 @nytimes NAZI is an acronym for National Socialists Workers Party or in German, ""Nat‚Ä¶ https://t.co/wwlFCif7Ib"
471,@nytimes,0.3182,0.0,0.901,0.099,Mon Apr 02 13:09:21 +0000 2018,"RT @RealGlenMacnow: This Joe Maddon quote from a @TylerKepner story in @nytimes, sums up our fan base:
‚ÄúThe cheesesteak guys aren‚Äôt going t‚Ä¶"
472,@nytimes,0.0,0.0,1.0,0.0,Mon Apr 02 13:09:17 +0000 2018,"RT @nytimes: ""They can pin them on to their shirt collar or bra strap and lean over and take a hit every now and then, and who‚Äôs to know?""‚Ä¶"
473,@nytimes,-0.6908,0.19,0.81,0.0,Mon Apr 02 13:09:17 +0000 2018,"RT @stephenkinzer: Here's my @nytimes obituary for Gen. Rios Montt, whose murder campaign I watched in #Guatemala in the 80s.  Reagan loved‚Ä¶"
474,@nytimes,-0.3566,0.127,0.873,0.0,Mon Apr 02 13:09:16 +0000 2018,"@hypatia264 @nytimes Now Whole Foods prices are gonna go up also, so now no one can afford them"
475,@nytimes,0.6369,0.0,0.625,0.375,Mon Apr 02 13:09:14 +0000 2018,@Davidontour1 @nytimes Love thy neighbor (aka porn stars)
476,@nytimes,0.0,0.0,1.0,0.0,Mon Apr 02 13:09:11 +0000 2018,RT @nytimes: Why Sinclair made dozens of local TV news anchors recite the same script https://t.co/c0rMxKmTLy
477,@nytimes,0.0,0.0,1.0,0.0,Mon Apr 02 13:09:11 +0000 2018,RT @nytimes: Why Sinclair made dozens of local TV news anchors recite the same script https://t.co/c0rMxKmTLy
478,@nytimes,0.0,0.0,1.0,0.0,Mon Apr 02 13:09:10 +0000 2018,@Ali777_Nakhai @nytimes I don‚Äôt need to. I know what happened. You sound lobotomized. I‚Äôm not going to listen to anything you say.
479,@nytimes,0.0,0.0,1.0,0.0,Mon Apr 02 13:09:09 +0000 2018,RT @nytimes: China just hit back at President Trump‚Äôs tariffs on steel and aluminum. The country placed tariffs on pork and 127 other U.S.‚Ä¶
480,@nytimes,0.0,0.0,1.0,0.0,Mon Apr 02 13:09:08 +0000 2018,@Ty_Webb69 @nytimes Or people with common sense
481,@nytimes,-0.5267,0.198,0.736,0.066,Mon Apr 02 13:09:05 +0000 2018,"RT @nytimes: People are increasingly calling for boycotts of the big tech companies. The problem is that Facebook, Apple, Amazon and Google‚Ä¶"
482,@nytimes,0.0,0.0,1.0,0.0,Mon Apr 02 13:09:05 +0000 2018,RT @nytimes: Why Sinclair made dozens of local TV news anchors recite the same script https://t.co/c0rMxKmTLy
483,@nytimes,-0.5267,0.198,0.736,0.066,Mon Apr 02 13:09:03 +0000 2018,"RT @nytimes: People are increasingly calling for boycotts of the big tech companies. The problem is that Facebook, Apple, Amazon and Google‚Ä¶"
484,@nytimes,-0.5267,0.198,0.736,0.066,Mon Apr 02 13:09:03 +0000 2018,"RT @nytimes: People are increasingly calling for boycotts of the big tech companies. The problem is that Facebook, Apple, Amazon and Google‚Ä¶"
485,@nytimes,0.7896,0.0,0.682,0.318,Mon Apr 02 13:09:02 +0000 2018,"Pro LGBT equality candidate wins big!!   Costa Rica Election Hands Presidency to Governing Party Stalwart, via‚Ä¶ https://t.co/FTiblnLYTl"
486,@nytimes,0.0,0.0,1.0,0.0,Mon Apr 02 13:08:59 +0000 2018,RT @nytimes: China just hit back at President Trump‚Äôs tariffs on steel and aluminum. The country placed tariffs on pork and 127 other U.S.‚Ä¶
487,@nytimes,0.7334,0.0,0.593,0.407,Mon Apr 02 13:08:59 +0000 2018,"Where Companies Welcome Refugees, the More, the Better   via @NYTimes https://t.co/M6vPJKCWHW"
488,@nytimes,0.0,0.0,1.0,0.0,Mon Apr 02 13:08:59 +0000 2018,"RT @nytimes: Micheal Brown applied to 20 highly selective colleges.
He got into all of them.
They all offered him full rides. https://t.co/‚Ä¶"
489,@nytimes,0.6659,0.159,0.438,0.403,Mon Apr 02 13:08:57 +0000 2018,"@nytimes So much winning, I'm getting tired of so much winning"
490,@nytimes,0.0,0.0,1.0,0.0,Mon Apr 02 13:08:57 +0000 2018,"When Your Baby Is Your Roommate, via @nytimes https://t.co/Rqx23HZV5n"
491,@nytimes,0.6908,0.0,0.749,0.251,Mon Apr 02 13:08:54 +0000 2018,@JudsonK17 @WBUR @nytimes I just saw the announcement the same time you tweeted me haha.  Appreciate the heads up anyway.
492,@nytimes,0.0,0.0,1.0,0.0,Mon Apr 02 13:08:53 +0000 2018,RT @nytimes: China just hit back at President Trump‚Äôs tariffs on steel and aluminum. The country placed tariffs on pork and 127 other U.S.‚Ä¶
493,@nytimes,0.0,0.0,1.0,0.0,Mon Apr 02 13:08:52 +0000 2018,"RT @jimenaladu: Recordemos que H. Clinton ten√≠a el 85% de probabilidades de ganar, de acuerdo a @nytimes ... la historia ya la conocemos"
494,@nytimes,-0.357,0.115,0.885,0.0,Mon Apr 02 13:08:52 +0000 2018,"RT @TransEquality: ""[Trump's] latest episode of kick-the-soldier... lays bare that Mr. Trump is never motivated by policy, or research, or‚Ä¶"
495,@nytimes,0.0,0.0,1.0,0.0,Mon Apr 02 13:08:51 +0000 2018,@nytimes @stephenfhayes Don‚Äôt the Chinese own most of the US pork farms?
496,@nytimes,0.0,0.0,1.0,0.0,Mon Apr 02 13:08:51 +0000 2018,@The_Lone_Apple @123tijn @nytimes The M-16 is used by the military and is fully automatic. The AR-15 is similar in‚Ä¶ https://t.co/7qdhghR8pO
497,@nytimes,0.0,0.0,1.0,0.0,Mon Apr 02 13:08:51 +0000 2018,Whoa! Bulgaria Says French Thinker Was a Secret Agent. She Calls It a ‚ÄòBarefaced Lie.‚Äô   via @NYTimes https://t.co/YgcyHTFO0M
498,@nytimes,0.0,0.0,1.0,0.0,Mon Apr 02 13:08:50 +0000 2018,RT @nytimes: China just hit back at President Trump‚Äôs tariffs on steel and aluminum. The country placed tariffs on pork and 127 other U.S.‚Ä¶
499,@nytimes,0.2023,0.078,0.816,0.106,Mon Apr 02 13:08:46 +0000 2018,RT @JohnColapinto: We live in a world where this is published today in the @nytimes and no one notices or cares. Because what else is new?‚Ä¶
